412	S	P1 2015		Výraz plachetnice označuje:	loď speciálně konstruovanou pro plavbu pomocí plachet.		jakékoli plavidlo hnané větrem.		plavidlo, využívající plochy lodního tělesa ke zvýšení rychlosti plavby nebo k nouzovému pohonu.	
413	S	P1 2015		Kýlová plachetnice (jachta) je:	plachetnice opatřená kýlem se zátěží.		plachetnice s výměrou plachet nad 30 m2 a samovylévacím kokpitem.		plachetnice nejméně s dvoustěžňovou takeláží a výtlakem minimálně 5 tun.	
414	S	P1 2015		Ploutvokýlová plachetnice (jachta) je:	plachetnice, jejíž trup je protažen do nízkého středního kýlu opatřeného zátěží, kterým prochází spouštěcí ploutev.		plachetnice s pevnou kýlovou ploutví se zátěží (tzv. flundrou) a se samovylévacím kokpitem.		plachetnice opatřenou bočními kýly se zátěží s výměrou plachet do 30 m2.	
415	S	P1 2015		Ploutvová plachetnice je:	plachetnice (převážně menších rozměrů), jejíž trup je opatřen spouštěcí ploutví nebo dvěma bočními otočnými ploutvemi bez zátěže.		malá sportovní plachetnice s výměrou plachet do 15 m2 a pevně přišroubovanou dřevěnou ploutví bez zátěže.		závodní třídová plachetnici do maximální hmotnosti 500 g s ponorným kormidlem a pevnou ploutví.	
416	S	P1 2015		Jola je člun:	s oblými žebry, oblým outorem a zrcadlem.		s lomenými žebry a ostrým outorem.		s rovnými žebry a plochým dnem.	
417	S	P1 2015		Šarpie je člun:	s lomenými žebry, ostrým outorem, úkosovým dnem a zrcadlem.		se širokými boky a plochým dnem.		s oblými žebry protaženými do kýlů, oblým outorem a bez zrcadla.	
418	S	P1 2015		Vyvážené kormidlo je kormidlo:	kde část plochy ploutve leží před osou otáčení, takže je ulehčeno ovládání kormidla vyvážením momentů hydrodynamických sil.		s nástavcem, označované také jako kormidlo dunajské nebo suezské.		jehož ploutev má proudnicový tvar.	
419	S	P1 2015		Přední vaz (klounovec) je:	hlavní výztužná část přídě, tvořící pokračování kýlu vzhůru a svazující přední část kostry plavidla.		přední vodotěsný kolizní prostor.		přední ležatý stěžeň u starších typů plachetnic.	
420	S	P1 2015		Ploutvová skříň je:	pouzdro pevně a vodotěsně připevněné k trupu plavidla, do kterého se zatahuje ploutev.		skříň na kotevní řetěz.		prostor pro uložení potápěčského materiálu (ploutví, brýlí, tlakových nádob atd.).	
421	S	P1 2015		Rolfok:	je součást takeláže umožňující rozvinování a refování kosatky (geny).		není součástí takeláže.		je součást takeláže sloužící k refování hlavní plachty.	
422	S	P1 2015		Kokpit je:	prostor pro posádku ovládající plachetnici.		odklápěcí vodotěsný kryt na přídi.		kulaté vodotěsné lodní okno se šroubovým závěrem.	
423	S	P1 2015		Výraz stěžeň se používá:	pro označení kulatiny přibližně kolmé na lodní palubu.		pro označení kování ráhna.		pro označení kulatiny vystupující z přídě.	
424	S	P1 2015		Výraz hydrostatický vztlak plavidla používáme pro:	označení vertikálního hydrostatického vztlaku vody, který je přímo úměrný objemu ponořené části plavidla.		označení objemu ponořené části plavidla.		sumu všech vztlakových sil působících na plavidlo (závisí na tvaru a objemu lodi a na rychlosti pohybu plavidla vůči vodě).	
425	S	P1 2015		Výraz hydrodynamický vztlak se používá pro:	označení vztlaku vyvozeného hydrodynamickými silami, které vznikají při obtékání ponořených částí plavidla za pohybu.		označení tlaku větru na návětrnou stranu plachty.		hydrodynamickou sílu působící proti směru jízdy.	
426	S	P1 2015		Laterál je:	průmět celkové boční plochy ponořené části plavidla (trupu, kýlu či ploutve, kormidla).		spouštěcí list kormidla.		celková plocha plachet.	
427	S	P1 2015		Výrazem výtlak váhový se označuje:	váha vody, vytlačené plavidlem.		váha prázdného plavidla.		maximální hodnota váhy nákladu.	
428	S	P1 2015		Výrazem těžiště váhy (neboli váhové těžiště) se označuje:	teoretický bod, v kterém působí celková váha plavidla směrem svisle dolů.		lodní nákladový prostor.		olověná zátěž na kýlu.	
429	S	P1 2015		Výrazem těžiště výtlaku (neboli tvarové těžiště) se označuje:	teoretický bod, ve kterém působí kolmo vzhůru vztlak (nebo v kterém je nadlehčováno plavidlo vztlakem, rovnajícím se váze vody plavidlem vytlačené).		plocha dna lodního tělesa, která je pod ponorem.		nejnižší bod ponořené části plavidla.	
430	S	P1 2015		Výraz trim se používá pro označení:	správného ustavení plachetnice.		bočního splouvání plachetnice (dryft).		stáčení plachetnice proti větru.	
431	S	P1 2015		Výraz trimování plachet se používá:	pro správné nastavení a seřízení plachet.		pro zmenšování plochy plachet při silném větru.		pro impregnaci plachet proti hnilobě.	
432	S	P1 2015		Závětrnost lodě je:	vlastnost plachetnice stáčet se po větru.		plavba plachetnice se skasanými plachtami.		postavení plachetnice proti větru.	
433	S	P1 2015		Takeláž je:	celá plachetní výstroj plachetnice.		kýl se zátěží u kýlové plachetnice.		ochranná plachta, která slouží k zakrytí lodi při kotvení.	
434	S	P1 2015		Persenink je:	ochranná plachta, chránící loď před vlivy počasí při stání.		bouřková kosatka ze silné plachtoviny.		pomocná plachta (tzv. lekážní), používaná k nouzovému utěsnění proraženého trupu.	
435	S	P1 2015		Lodní kulatiny jsou:	stěžně a ráhna, které nesou soustavu plachet.		lodní bidla s háčky.		vyvazovací zařízení, např. pacholata, průvlaky, rohatinky.	
436	S	P1 2015		Čelen je:	kulatina vyčnívající z přídě směrem dopředu.		svinovací ráhno kosatky (tzv. rolfok).		stěžňový nástavec (čnělka).	
437	S	P1 2015		Výrazem pevné lanoví se označují:	veškerá lana, která slouží k vyztužení a upevnění stěžňů.		kovová lana do průměru 30 mm.		kovová lana o průměru nad 30 mm.	
438	S	P1 2015		Výrazem pohyblivé lanoví se označují:	veškerá lana, která slouží k obsluze plachet (spouště, otěže).		pletená lana z konopí nebo bavlny kromě lan z umělých hmot.		pružná a měkká ocelová lana do průměru 10 mm.	
439	S	P1 2015		Saling (můstek) je:	příčná, stěžeň zpevňující výztuha.		stěžňová čnělka.		pomocná lávka pro usnadnění vystupování na břeh.	
440	S	P1 2015		Vysoká takeláž (vysokostěžňové oplachtění) je:	druh oplachtění, kde přední stěh dosahuje vrcholu stěžně.		druh oplachtění, které používá hlavní a pomocný stěžeň, tzv. jeden a půl stěžňové oplachtění.		druh tzv. kutrového oplachtění, které používá vrcholovou plachtu.	
441	S	P1 2015		Stěh je:	zpravidla ocelové lano, které fixuje stěžeň v podélné ose lodi (přední a zadní stěh).		zadní lem hlavní plachty.		lano sloužící k zajištění polohy ráhna při spuštěné plachtě.	
442	S	P1 2015		Upínačka (úpona) je:	lano převážně ocelové, které vyztužuje stěžeň z boku.		kování pro uchycení sklápěcího stěžně.		zařízení k bočnímu vlečení lodě.	
443	S	P1 2015		Topenanta je:	lano jako závěs ráhna, sloužící zejména k zajištění polohy ráhna při skasané hlavní plachtě.		lano sloužící k refování kosatky na rolfoku.		vzpěra mezi stěžněm a kýlem.	
444	S	P1 2015		Napínák je:	kovový díl s pravým a levým závitem, skládající se ze tří částí, který slouží k napínání stěhů, úpon, eventuálně jiných lan.		přední stěh sloužící k zachycení kosatky.		malý naviják (ráčna) s vertikální hřídelí, sloužící k dotažení otěží kosatky u větších lodí.	
445	S	P1 2015		Těžiště plachet je:	teoretický bod, v němž působí výsledná aerodynamická síla nesených plachet.		místo, kde jsou ráhna připevněna ke stěžňům.		místo, kde jsou na ráhně připevněny otěže plachet.	
446	S	P1 2015		Ráhno (vratipeň) je:	vodorovná kulatina kloubově spojená se stěžněm sloužící k nesení plachet.		zařízení k vytahování spinakru.		příčná výztuha stěžně.	
447	S	P1 2015		Refování plachty je:	zmenšování plochy plachty (za silného větru).		zajíždění nových plachet.		vyprání a impregnace plachet.	
448	S	P1 2015		Refovací aparát je:	zařízení sloužící ke zmenšování plachet za plavby.		lanko s kladkou pro měnění délky zadního líku plachty.		naviják pro kotevní lano.	
449	S	P1 2015		Výraz šekl označuje:	dvoudílný prvek tvaru podkovy, užívaný k spojování lan, event. připojování řetězů, stěhů, kladek apod.		dvojitá kladka.		zařízení na zajištění otěží.	
450	S	P1 2015		Výrazem otěž označujeme:	lana sloužící k nastavení plachet.		lano sloužící k vytahování plachet.		napínák předního stěhu.	
451	S	P1 2015		Spoušť nebo výtah je:	lano sloužící k vytahování a spouštění plachet, popřípadě ráhen.		lanko sloužící k zajištění listu kormidla.		zařízení pro odpalování signálních raket.	
452	S	P1 2015		Kiking je:	zařízení (lanko s kladkami), které zamezuje zdvihání ráhna při jeho vyložení do boku.		otevřený prostor pro posádku.		posuvné vedení otěží v příčném směru.	
453	S	P1 2015		Blok (slang. výraz) je:	dvojitá, trojitá eventuálně vícenásobná kladka (dvojblok, trojblok) sloužící ke zmenšení ovládacích sil.		ploutvová skříň.		kování na vrcholu stěžně.	
454	S	P1 2015		Příďový trojúhelník je:	prostor na plachetnici, ohraničený stěžněm, palubou a předním stěhem.		přední, vyztužený roh (krk) kosatky.		plocha paluby před stěžněm, u vícestěžňových lodí před předním stěžněm.	
455	S	P2 2015		Kýlovou plachetnici charakterizuje:	pevný kýl se zátěží, malá počáteční a velká konečná stabilita.		plocha plachet nejméně 30m2.		malý kokpit.	
456	S	P2 2015		Ploutvokýlová plachetnice má vůči kýlové tyto výhody:	možnost zmenšit ponor zatažením ploutve, umožnění změny polohy těžiště laterálu.		možnost využití ploutve jako opěry pro vnitřní zařízení kajuty.		snazší a levnější způsob stavby.	
457	S	P2 2015		Typickým znakem ploutvových plachetnic je:	plochý trup s malým ponorem, spouštěcí ploutev (převážně bez zátěže).		dělená, vyjímatelná olověná zátěž, uložená na kýlu.		použití vysokostěžňové šalupové takeláže.	
458	S	P2 2015		Výhodou ocelové konstrukce trupu plachetnice je především:	vysoká pevnost.		nízké náklady na údržbu.		vysoká rychlost plavby.	
459	S	P2 2015		Stěžňová podpěra slouží:	k vyztužení paluby nebo nástavby pod patou stěžně.		k zajištění průhybu stěžně.		k vylepšení interiéru plachetnice.	
460	S	P2 2015		Konstrukční rychlost plachetnice je přímo úměrná	štíhlostnímu poměru (poměru délky a šířky trupu na vodorysce).		ploše laterálu.		jejímu výtlaku.	
461	S	P2 2015		Samovylévací kokpit mají:	plachetnice určené k plavbě na moři a většina ostatních kajutových plachetnic.		pouze závodní plachetnice.		jen plachetnice typu katamarán a trimarán.	
462	S	P2 2015		Lodní těleso závodních plachetnic je konstruováno:	především z hlediska rychlosti a pevnosti.		především z hlediska pevnosti.		s ohledem na dostatečné zajištění plovatelnosti.	
463	S	P2 2015		Nevýhodou gaflového oplachtění je:	obtížná manipulace při vytahování a spouštění plachty.		veliká plocha plachty.		veliký výkon plachty.	
464	S	P2 2015		Výhodou celospírové plachty je:	větší plocha plachty a lepší tvar po celé délce profilu.		snadné vytahování na stěžeň.		snadnější obsluha.	
465	S	P2 2015		Vlastností výtahových lan je především:	vysoká pevnost a malá průtažnost.		vysoká pružnost.		veliký průměr lana.	
466	S	P2 2015		Kiking zajišťuje:	možnost přitažení ráhna směrem k palubě za účelem ovlivnění zploštění plachty.		polohu kosatky.		zajištění polohy otěže hlavní plachty.	
467	S	P2 2015		Kontraotěž slouží k:	zajištění polohy hlavní plachty při plavbě na zadní vítr.		zajištění kosatky při silném větru.		zajištění skasané hlavní plachty.	
468	S	P2 2015		Automatická kosatka je:	kosatka, která při obratu sama přejde bez obsluhy z jednoho boku na druhý.		plachta, která automaticky zmenšuje svoji plochu.		plachta, která se sama rozvine po vytažení hlavní plachty.	
469	S	P2 2015		Hlavní požadovanou vlastností ráhna je:	vysoká pevnost a malý průhyb, nízká hmotnost.		vysoká pružnost.		nízká cena, protože se ráhna často lámou.	
470	S	P2 2015		Požadovanou vlastností pevného lanoví je hlavně:	malá průtažnost a vysoká pevnost.		vysoká pružnost.		vysoká průtažnost a vysoká pevnost.	
471	S	P2 2015		Požadovanou vlastností materiálu na výrobu spinakru je:	vysoká pevnost a nízká hmotnost.		nízká hmotnost, na pevnosti nezáleží.		velká pružnost.	
472	S	P2 2015		Otěžový vozík slouží:	ke správnému nastavení úhlu tahu otěží hlavní plachty a k přesnému nastavení polohy hlavní plachty.		ke snadnějšímu vytažení lodě na vlek.		k pohodlnému sezení kormidelníka.	
473	S	P2 2015		Trysail je plachta sloužící při plavbě:	za velmi silného větru.		za středního větru.		ve slabém větru.	
474	S	P2 2015		Bouřková kosatka se vyznačuje:	malou plochou a velkou pevností.		velkou plochou a velkou pevností.		očnicemi obšitými kůží.	
475	S	P2 2015		Bouřkové plachty mají zpravidla barvu:	oranžovou.		černou.		bílou.	
476	S	P2 2015		Kosatka (slang. fok) je:	trojúhelníková plachta umístěná před stěžněm.		zadní trojúhelníková plachta s vratipněm.		trojúhelníková plachta vyplňující prostor mezi ráhnem a stěžněm.	
477	S	P2 2015		Hlavní požadovanou vlastností stěžně je:	vysoká pevnost a pružnost, nízká hmotnost.		vysoká hmotnost.		hlavně malá pružnost.	
478	S	P2 2015		Genua je druh:	kosatky o velké ploše, jejíž zadní lem značně přesahuje za stěžeň, slouží k plavbě za slabého a středního větru.		spinakru ze zvlášť lehké plachtoviny s odlehčovacími otvory.		bouřkové kosatky o malé ploše ze silné plachtoviny.	
479	S	P2 2015		Spinakr je:	druh příďové přídavné plachty, která má tvar sférické vyduté plochy.		zadní trojúhelníková plachta s vratipněm, tzv. bezanová.		druh nouzové trojúhelníkové plachty tzv. trysail, která je zhotovena ze silné plachtoviny.	
480	S	P2 2015		Bezanová plachta se používá:	na zadních stěžních některých vícestěžňových lodí a slouží spíše pro vyvážení soustavy plachet než jako plachta hnací.		k zakrytí lodě při kotvení na ochranu před povětrnostními vlivy.		k vyplnění prostoru mezi stěžněm a vratiráhnem u ráhnové takeláže.	
481	S	P2 2015		Plachty řídíme lany, která nazýváme:	otěžemi.		upínačkami.		stěhy.	
482	S	P2 2015		Plachty vytahujeme a spouštíme:	spouštěmi.		otěžemi.		úponami.	
483	S	P2 2015		Kladky používané ve výstroji plachetnic mají mít:	vysokou pevnost a malé tření.		velké tření.		vysokou pevnost a velké tření.	
484	S	P2 2015		Kasání neboli refování plachet se provádí pomocí:	refovacího zařízení.		kikingu.		kokpitu.	
485	S	P2 2015		Vějička někdy také korouhvička (slang. frklík) je:	ukazatel směru větru na vrcholu stěžně.		přístroj k zjišťování rychlosti větru.		přístroj k zjišťování bočního skluzu neboli dryftu lodě.	
486	S	P2 2015		Výhodou plachtoviny z umělých vláken je:	odolnost proti vodě, vlhkosti a vlivům povětrnosti, nesaje vodu, téměř se nevytahuje.		vysoká pružnost a ohebnost.		daleko menší cena a snadnější zpracování než u bavlněné plachtoviny.	
487	S	P3 2015		Na povrchu kapaliny může plavat těleso:	jehož hmotnost je menší než vztlak, který odpovídá hmotnosti kapaliny tělesem vytlačené.		jehož hmotnost se rovná vztlaku, který odpovídá hmotnosti kapaliny tělesem vytlačené.		jehož hmotnost je větší než vztlak, který odpovídá hmotnosti kapaliny tělesem vytlačené.	
488	S	P3 2015		Plocha laterálu je ovlivňována:	náklonem plavidla.		druhem povrchové úpravy ponořené části plavidla.		změnou polohy otočného kormidla.	
489	S	P3 2015		Váhové těžiště lodi se jejím náklonem:	nemění.		mění.		mění jen částečně.	
490	S	P3 2015		Rovnovážná poloha lodi je dána:	skutečností, že těžiště váhy a výtlaku leží na společné svislé ose, v rovině symetrie lodi.		umístěním stěžně do středu podélné osy lodě.		plochou plachet, která musí úměrně odpovídat ploše laterálu.	
491	S	P3 2015		Ponořená část kormidelního listu:	ovlivňuje velikost plochy laterálu.		nemá vliv na plochu laterálu.		ovlivňuje velikost plochy laterálu jen v tom případě, je-li kormidlo umístěno pod lodním trupem.	
492	S	P3 2015		Síla větru na plachty působí vůči lodnímu tělesu:	ve společném těžišti všech plachet.		v těžišti hlavní plachty, a to i u víceplachtových lodí.		ve dvou těžištích, a to ve společném těžišti plachet umístěných před stěžněm a ve společném těžišti plachet umístěným za stěžněm.	
493	S	P3 2015		Loď s větším výtlakem (hmotností) má setrvačnost:	větší než loď s malým výtlakem.		menší než loď s malým výtlakem.		stejnou jako loď s malým výtlakem.	
494	S	P3 2015		Stabilita pohybující se plachetnice je:	větší než stabilita plachetnice, která stojí.		stejná jako stabilita plachetnice, která stojí.		menší než stabilita plachetnice, která stojí.	
495	S	P3 2015		Stabilita plachetnice je závislá na:	tvaru a velikosti lodního trupu, rozložení váhy trupu a takeláže a na velikosti a umístění zátěže.		poměru plochy plachet v ose laterálu.		velikosti a tvaru palubních nástaveb.	
496	S	P3 2015		Plachetnice s jolovým tvarem trupu a pevným kýlem:	má počáteční stabilitu malou.		má počáteční stabilitu velkou.		nemá počáteční stabilitu žádnou.	
497	S	P3 2015		Plachetnice se šarpiovým tvarem trupu a s lehkou ploutví:	má počáteční stabilitu velkou.		nemá počáteční stabilitu žádnou.		má počáteční stabilitu malou.	
498	S	P3 2015		Výhodou plachetnice s jolovým tvarem trupu oproti plachetnici se šarpiovým tvarem trupu je:	snazší a plynulejší plavba ve vlnách.		menší náklady na údržbu.		vždy menší ponor jolové plachetnice.	
499	S	P3 2015		Plachetnice se šarpiovým tvarem trupu oproti plachetnici s jolovým tvarem trupu:	má výhodu ve větší počáteční stabilitě, možnosti použití ploutve místo pevného kýlu a tím snazšímu přistávání na písečné pláži při klidné vodní hladině.		nemá žádné plavebně provozní výhody.		umožňuje lepší a plynulejší plavbu ve vlnách.	
500	S	P3 2015		Vlastnost lodi snažit se plout ve vzpřímené poloze při malých úhlech náklonu nazýváme:	stabilitou počáteční.		stabilitou dynamickou.		stabilitou statickou.	
501	S	P3 2015		Schopnost vzpřímit se z maximálního náklonu nazýváme:	stabilitou konečnou, čili stabilitou při velkých úhlech náklonu.		stabilitou počáteční.		stabilitou metacentrickou.	
502	S	P3 2015		Závětrnost plachetnice způsobuje:	poloha těžiště plachet před těžištěm laterálu.		poloha těžiště laterálu před těžištěm plachet.		poloha těžiště výtlaku mimo osu symetrie plavidla.	
503	S	P3 2015		Návětrnost plachetnice je dána:	polohou těžiště plachet za těžištěm laterálu.		polohou těžiště plachet před těžištěm laterálu.		vzájemným plošným poměrem plachet a laterálu.	
504	S	P3 2015		Větší vadou plachetnice je:	závětrnost, protože může způsobit převržení lodě, závětrná loď má snahu stáčet se sama stále více po větru (odpadat).		návětrnost, protože silně namáhá upevnění stěžně.		podvětrnost, protože ohrožuje plachty a vzniká možnost jejich poškození.	
505	S	P3 2015		Závětrnost i návětrnost plachetnice lze kromě jiného ovlivnit:	změnou velikosti a tvaru plachet, změnou polohy a sklonu stěžně, změnou plochy laterálu nebo polohy jeho těžiště i náklonem lodi.		velikostí úhlu, pod kterým vítr působí na plachty.		zvětšením zátěže.	
506	S	P3 2015		Boční plocha laterálu má přímý vliv na:	stranový posuv (snos, dryf) plachetnice a na schopnost plachetnice stoupat proti větru.		na druh plachet, které může plachetnice nést.		rychlost plachetnice.	
507	S	P3 2015		Plout na bočním a předním větru umožňuje plachetnici:	plocha laterálu.		váha zátěže.		vhodný materiál a tvar plachty.	
508	S	P3 2015		Jízdu plachetnice ovlivňují tyto hlavní síly:	aerodynamické a hydrodynamické.		goniometrické.		logaritmické.	
509	S	P3 2015		Vítr - pohonná síla plachetnice vzniká:	prouděním vzduchu mezi místy s rozdílnými atmosférickými tlaky a rozdílnými teplotami, čím větší jsou rozdíly, tím silnější vítr vzniká.		působením polární záře na atmosférické vrstvy.		jako druhotný následek otáčení zeměkoule.	
510	S	P3 2015		Pro nastavení plachet je rozhodující vítr:	zdánlivý.		pulzující.		skutečný.	
511	S	P3 2015		Zdánlivý vítr je:	výsledný vítr, složený ze skutečného větru a vlastního větru (jako důsledku pohybu plachetnice vpřed).		protivítr, vznikající v přestávkách silných větrných poryvů.		vítr, jehož skutečný směr je vychýlen nakloněným lodním trupem.	
513	S	P3 2015		Vějička (korouhvička, frklík) na vrcholu stěžně ukazuje za plavby směr:	zdánlivého větru.		skutečného větru.		větru, vznikajícího pohybem plachetnice dopředu.	
514	S	P3 2015		Zdánlivý vítr přichází do plachet více zepředu při:	větší rychlosti plachetnice.		menší rychlosti plachetnice.		větším náklonu plachetnice.	
515	S	P3 2015		Výsledná síla na plachtě vzniká:	rozdílem rychlosti vzduchového proudění na vnější a vnitřní straně plachty.		náklonem plachetnice.		vlivem rychlosti lodě.	
516	S	P3 2015		Při plavbě ostře proti větru a na bočních větrech způsobuje výslednice sil, vyvozených větrem:	pohyb lodě dopředu, náklon lodě a boční snos.		stlačení lodní přídě do vody.		nežádoucí deformaci profilu plachty.	
517	S	P3 2015		Boční sílu na plachtě zachycuje:	boční průmět laterálu, avšak skutečný směr plavby není shodný s podélnou osou plavidla, ale je odkloněn o určitý úhel do závětří.		kormidlo.		podpěra stěžně.	
518	S	P3 2015		Podélná osa plachetnice svírá za plavby se zdánlivým větrem:	menší úhel než se skutečným větrem.		větší úhel než se skutečným větrem.		stejný úhel jako se skutečným větrem (uvažováno na vodní ploše bez pohybu - bez proudu).	
519	S	P3 2015		Při správném nastavení hlavní plachty půlí vratipeň zhruba úhel, který svírá:	podélná osa plavidla a směr zdánlivého větru.		podélná a příčná osa plavidla.		podélná osa plavidla a směr skutečného větru.	
520	S	P3 2015		Vztlak laterálu je síla:	působící proti boční síle plachty.		rovnoběžná se směrem plavby a nesnižuje vliv boční síly plachty.		zvětšující náklon plachetnice.	
521	S	P3 2015		Aktivní plocha plachty plachetnice v náklonu je:	menší než nenakloněné plachetnice.		je stejná jako nenakloněné plachetnice.		větší než nenakloněné plachetnice.	
522	S	P3 2015		Stěžeň s příliš velkou hmotností má za následek:	zhoršení stability plachetnice.		zlepšení stability plachetnice.		zlepšení stability plachetnice pouze za silného větru.	
523	S	P3 2015		Pro obtékání plachet větrem platí zákony:	v podstatě shodné jako pro křídla letadel nebo ptáků, protože jejich tvar a profil jsou podobné.		stejné jako pro obtékání rovinné desky, protože plachty jsou ploché.		empirické a proto je nutné vycházet pouze ze zkušeností vzhledem k tomu, že plachty jsou velmi pružný a tvarově značně proměnlivý element.	
524	S	P3 2015		Plachta je v základě:	vydutá plocha, jejíž řezy vodorovnými rovinami jsou aerodynamické profily.		kuželová plocha, jejíž svislé řezy určují její profil.		část válcové plochy, jejíž profil je odvislý od poloměru šířky.	
525	S	P3 2015		Plachta, resp. její jednotlivé aerodynamické profily při plavbě proti větru a při bočních větrech:	jsou obtékány proudem vzduchu pod různým úhlem náběhu.		stáčejí proud vzduchu šikmo dolů k hladině.		jsou deformovány vzduchovými víry, jejichž intenzita je závislá na síle větru.	
526	S	P3 2015		Účinnost profilu plachty při plavbě proti slabému přednímu větru je maximální:	když proudění kolem něho je plynulé a bez víření, tzv. laminární proudění.		při úhlu náběhu přes 20°.		využívá-li se odrazu větru od vodní hladiny.	
527	S	P3 2015		Laminární proudění vzduchu je závislé:	na aerodynamickém profilu plachty a tvaru zadního lemu.		na sklonu švů jednotlivých dílů a pružnosti použité plachtoviny.		na tvaru trupu lodě.	
528	S	P3 2015		Výhradně přetlaku na plachtách využívá plachetnice při jízdě:	na zadním větru.		ostře proti větru.		při bočním větru.	
529	S	P3 2015		Při plavbě ostře proti silnému větru je výhodnější plachta:	plošší s menším vydutím.		s větším vydutím.		se středním vydutím.	
530	S	P3 2015		Při jízdě na zadním větru je výhodnější plachta:	s velkým vydutím, protože obtékání plachty je turbulentní a pohyb lodi vpřed způsobuje přetlak v plachtě a nikoliv sání.		plochá, protože laminární proudění je účinnější.		se středním vydutím, protože má výhodnější průběh sání.	
531	S	P3 2015		Vliv kosatky na hlavní plachtu:	se projevuje v příznivém usměrňování vzduchového proudění kolem hlavní plachty, zejména na její závětrné straně, a tím zvyšuje její účinnost.		je zanedbatelný, zvětšuje pouze celkovou plochu plachet.		je zřetelný pouze při plavbě po větru.	
532	S	P3 2015		Upravit přetočení plachty, eventuálně zamezit zdvihání vratipně při jízdě na zadní nebo zadoboční vítr lze:	bočně posuvným vedením otěží nebo kikingem.		refovacím aparátem, nebo-li kasounem.		ráčnou na otěžovém kladkostroji.	
533	S	P3 2015		Náklon lodi a vliv lodního tělesa na vzduchové proudění:	působí nepříznivě na účinnost plachet.		neovlivňuje účinnost plachet.		působí příznivě při jízdě na boční vítr, neboť se využívá odrazu větru.	
534	S	P3 2015		Spinaker se používá:	hlavně při jízdě po větru nebo na zadobočním větru, méně na boční vítr.		při kasání plachet.		jako samočinná klema pro fixování otěží v požadované poloze.	
535	S	P3 2015		Při plavbě na zadní vítr je nejvíce zatěžována:	příď lodě.		záď lodě.		kýlová ploutev.	
536	S	P3 2015		Na ponořenou část lodního trupu působí síly:	hydrostatické a hydrodynamické.		aerodynamické.		balistické.	
537	S	P3 2015		Hydrodynamické síly vznikají:	při proudění vody kolem tělesa a jsou podobné proudění vzduchu; vzniká proudění laminární nebo turbulentní a platí obdobné zákony o proudnicích, vztlaku a odporu jako u aerodynamických sil.		při stání tělesa na hladině a jde o síly, které způsobí, že těleso plave.		působením vlivu přitažlivosti měsíce a slunce např. příliv a odliv.	
538	S	P3 2015		Plavbu plachetnice proti větru nebo na bočním větru umožňuje:	odpor (vztlak) ploutve nebo kýlu, bez nějž by mohla plout plachetnice jen po větru.		správně zvolené plachtoví.		dostatečná plocha a správný tvar listu kormidla.	
539	S	P3 2015		Malá hmotnost kýlu plachetnice má za následek:	veliký náklon plachetnice za silného větru.		malý náklon plachetnice za silného větru.		vytvoření velkého vlnového odporu trupu.	
540	S	P3 2015		Správně nastavená plachta při plavbě na boční vítr má:	menší stranovou a větší dopřednou sílu než plachta při plavbě ostře proti větru.		stejnou stranovou sílu než plachta při plavbě ostře proti větru.		menší stranovou a menší dopřednou sílu než plachta při plavbě ostře proti větru.	
541	S	P3 2015		Skluz lodě je umožněn:	tvarem trupu.		pouze profilem stěžně.		vhodným materiálem na otěže plachet.	
542	S	P3 2015		Při malé ploše laterálu plachetnice:	špatně stoupá proti větru a má velký snos.		dobře stoupá proti větru, ale pluje ve značném náklonu.		dobře stoupá proti větru.	
543	S	P3 2015		Hydrodynamický odpor trupu je závislý hlavně:	na jeho tvaru, jakosti povrchu trupu a velikosti laterálu.		na ploše plachet.		na teplotě vody.	
544	S	P3 2015		Plachetnice ve velkém náklonu:	špatně stoupá proti větru a pluje pomaleji než plachetnice v malém náklonu.		pluje rychleji než plachetnice v malém náklonu.		pluje ostřeji proti větru než plachetnice v malém náklonu.	
545	S	P3 2015		Rychlost plachetnice nejvíce ovlivňuje:	správné nastavení plachet.		stáří plachet.		barevné provedení plachet.	
546	S	P3 2015		Návětrnost plachetnice je ovlivněna:	náklonem plachetnice a tvarem trupu.		velikostí lodního šroubu.		vhodným podponorovým nátěrem.	
547	S	P3 2015		Kormidlo je část lodi, která:	umožňuje řídit směr plavby.		prodlužuje kýl lodi.		má tvořit nejvíce ponořenou část lodi a proto musí mít dostatečnou axiální vůli.	
548	S	P3 2015		Síla na kormidelní páce má být za plavby:	co nejmenší.		co největší.		asi 30 N.	
549	S	P3 2015		Nejmenší čelní odpor má kormidlo:	s tenkým symetrickým profilem(tzv. NASA).		provedené jako rovná deska (tzv. list).		s hrubým povrchem.	
550	S	P3 2015		Sílu potřebnou k ovládání kormidelní páky snížíme zejména:	správným nastavením plachet.		novým podponorovým nátěrem.		prodloužením stěžně.	
551	S	P3 2015		Kormidlo ztrácí účinnost:	při náhlém velkém vychýlení, protože vznikají víry a odpor, které snižují i rychlost lodě.		je-li úplně vytažena ploutev.		pluje-li se pouze s kosatkou.	
552	S	P3 2015		Jízdu plachetnice ve skluzu podmiňuje:	vhodný tvar trupu a dostatečná rychlost.		především značně zvětšená plocha plachet, tvar lodního tělesa není rozhodující.		příďotížnost a závětrnost lodě.	
553	S	P3 2015		Vírový odpor trupu za zádí plavidla:	zpomaluje plavbu.		neovlivňuje rychlost plavby.		zrychluje plavbu.	
554	S	P4 2015		Návětrná strana lodi je	strana, která je vystavena větru, čili z které vítr na loď přichází.		strana, která není vystavena větru, čili z které vítr z lodi odchází.		pravá strana lodi.	
555	S	P4 2015		Závětrná strana lodi je:	strana, z které vítr z lodi odchází, tzv. která je za větrem.		strana, z které vítr na loď přichází, tzv. která je na větru.		levá strana lodi.	
556	S	P4 2015		Plavba ostře proti větru je plavba:	při které loď pluje v úhlu co nejmenším ke směru větru (cca až 40°) a využívá největší možné stoupavosti proti větru.		proti větru, který přichází v podélné ose lodě.		kdy vítr přichází v úhlu do 10° od příčné osy lodi na obě strany.	
557	S	P4 2015		Plavba na předoboční vítr je plavba, při které:	loď pluje proti směru větru v úhlu zřetelně menším než je pravý úhel (cca 60° - 75°) a nevyužívá maximálně svých schopností stoupání.		loď pluje co možno nejvíce proti větru.		loď pluje na poryvový vítr, který přichází střídavě z předu a z boku.	
558	S	P4 2015		Při silném poryvu větru se zabrání velkému náklonu plachetnice:	vyostřením, případně povolením otěže hlavní plachty.		odpadnutím po větru.		přitažením otěže hlavní plachty.	
559	S	P4 2015		Schopnost křižovat co nejostřeji proti větru je podmíněna:	tvarem lodního trupu, plochou laterálu a takeláží.		použitím spinakru.		použitím kvalitních otěží.	
560	S	P4 2015		Při správné technice vyostřování, nemění-li se směr zdánlivého větru:	hlavní plachta se plynule přitahuje blíž k ose lodi.		změna směru se provádí nastavením ploutve.		využije se náklonu lodi do návětří.	
561	S	P4 2015		Při správné technice odpadání, nemění-li se směr zdánlivého větru:	hlavní plachta se plynule povoluje.		loď se naklání do závětří při udržování dosavadního nastavení plachty.		změna směru se provede povytažením ploutve.	
562	S	P4 2015		Správné nastavení kosatky a hlavní plachty při křižování proti větru se při přeostření nad správný úhel náběhu větru projeví tak, že:	obě plachty se začnou současně prolamovat (flatrovat) od předního lemu.		kosatka se začne prolamovat dřív než hlavní plachta.		hlavní plachta se začne prolamovat dřív než kosatka.	
563	S	P4 2015		Při obratu proti větru nesmíme dopustit, aby:	se loď zastavila v pozici přímo proti větru.		se spinaker zasekl pod kosatkou.		loď plula příliš velkou rychlostí.	
564	S	P4 2015		Při křižování za silného větru a na vlnách:	je třeba vést loď méně ostře proti větru (s povolenější plachtou) než na hladké vodě.		je nutné povytáhnout ploutev a nadzvednout list kormidla.		je nutné naklánět loď do návětří.	
565	S	P4 2015		Má-li loď při jízdě proti větru dosáhnout většího stoupání, je třeba:	přitáhnout jezdec na otěžovém vozíku do návětří a přitáhnout kosatku.		vypustit jezdec na otěžovém vozíku k boku.		více vychýlit kormidlo.	
566	S	P4 2015		Při poryvech za plavby na předním nebo bočním větru je třeba:	vysednout na bok lodě a vést kormidlo i plachtu tak, abychom zabránili velkému náklonu lodě do závětří.		nechat loď naklonit do návětří, a pak ji energickým zasednutím vyvážit.		vytáhnout ploutev, aby se zmenšil vztlak, který na ni působí.	
567	S	P4 2015		Při plavbě na bočním větru je výhodnější:	více povolit hlavní plachtu než při plavbě proti větru, zvýší se tím dopředná síla a zmenší se náklon plachetnice.		více přitáhnout hlavní plachtu vůči větru, protože se zvýší rychlost i přes větší náklon lodě.		mít plachty přitažené co nejvíce i za cenu jejich skasání, protože účinek sání je tak největší.	
568	S	P4 2015		Jestliže při křižování nebo na bočním kursu vítr zesílí a loď se stává značně návětrnou, je účelné:	posunout ploutev více dozadu, popř. zmenšit záklon stěžně (je-li to za plavby možné).		posunout ploutev víc dopředu.		sklonit stěžen více dozadu.	
569	S	P4 2015		Plavba po větru (na zadním větru) je plavba:	když vítr vane zezadu, a to až do cca 30° na obě strany od podélné osy plachetnice.		pouze když vítr vane přímo zezadu.		pouze s větrem, jehož směr se uchyluje od směru plavby lodě max. 10° na obě strany.	
570	S	P4 2015		Při plavbě malé plachetnice na zadní vítr se nesmí zejména:	zatěžovat příď lodě, protože by se mohla zabořit do vody a dojít tak k převržení lodě.		napnout kosatku na stěžeň.		zatěžovat záď lodě.	
571	S	P4 2015		Při plavbě na silný zadní vítr je vhodné pro bezpečné vedení lodě:	převést loď na mírně zadoboční kurz plavby.		povolit maximálně hlavní plachtu.		zasednout loď víc vpředu.	
572	S	P4 2015		Obrat proti větru (tzv. re) je obrat:	při kterém loď vyostřuje tak, aby se setrvačností dostala přes postavení přímo proti větru a přešla do postavení ostře proti větru na druhém boku.		při kterém se stáčí loď zádí proti větru a v okamžiku zádí přímo proti větru se rychlým přehozením spinakru docílí přetočení lodě na druhý bok.		provedený energickým odpadnutím při současném spuštění kosatky a jejím opětném vytažení po dokončeném obratu.	
573	S	P4 2015		Plavba na bočním kurzu je:	rychlejší než plavba proti větru.		pomalejší než plavba proti větru.		stejně rychlá jako plavba proti větru.	
574	S	P4 2015		Za silného větru a ve vlnách se stoupavost plachetnice:	zmenšuje.		nemění.		zvětšuje.	
575	S	P4 2015		Obrat po větru (tzv. halsa) je manévr:	prováděný tak, že příď lodě se stáčí po větru a v okamžiku, kdy loď stojí zádí proti větru, se přehodí ráhno na druhý bok a obrat se dokončí.		prováděný při skasané hlavní plachtě využitím kosatky k obratu.		prováděný pouze pomocí hlavní plachty při spuštěné kosatce.	
576	S	P4 2015		Při plavbě na silný zadní vítr musíme zabránit:	prudkému přehození ráhna z jednoho boku na druhý použitím kontraotěže.		zvýšení rychlosti.		nadměrnému tahu na otěže.	
577	S	P4 2015		Při plavbě na zadní vítr se snažíme zamezit:	příčnému kolébání lodě.		zvýšení rychlosti.		skluzu.	
578	S	P4 2015		Přehození ráhna se nejlépe provádí za silného větru:	v jízdě plnou rychlostí a s vyváženou lodí.		při zpomalení plavby (např. najetím na vlnu) a náklonu do závětří.		po odpadnutí a naklonění lodi do návětří.	
579	S	P4 2015		Příčné kolébání lodi při plavbě na zadní vítr je z hlediska bezpečnosti plavby:	nebezpečné a pro posádku nepříjemné.		nežádoucí, ale není nebezpečné.		žádoucí.	
580	S	P4 2015		Kontrolu správného nastavení plachet provádíme pomocí:	vějičky a stuh (špionků).		polohy kormidelní páky.		úhloměru umístěného na lodi.	
581	S	P4 2015		Při zvrhnutí lodě má posádka:	zůstat u lodě, aby ji mohly záchranné čluny najít.		snažit se doplavat k nejbližšímu břehu, i když je dosti vzdálen.		vždy plavat vstříc záchrannému člunu nebo jiné lodi v dohledu.	
582	S	P4 2015		Při vleku havarované lodi motorovým člunem je třeba:	spustit plachty.		vytáhnout spinaker.		odpojit stěžeň od lodě.	
1	C	MP1		Mezinárodní pravidla pro zabránění srážkám na moři se vztahují:	na všechna plavidla.		jen na plavidla s pohonem.		jen na plavidla za plavby.	
2	C	MP1		Mezinárodní pravidla pro zabránění srážkám na moři platí:	na volných mořích a na všech vodách s nimi spojených.		na mořích, kde se projevuje příliv nad 0,3 m.		na mořích mimo teritoriální vody.	
3	C	MP1		Odpovědnost za následky vzniklé neplněním mezinárodních pravidel pro zabránění srážkám na moři nese:	majitel, velitel nebo posádka lodě.		stát, pod jehož vlajkou je loď provozována.		pojišťovna, u níž uzavřel majitel smlouvu o pojištění odpovědnosti.	
4	C	MP1		Loď provádějící bagrovací, hydrografické a podmořské práce je:	plavidlo s omezenou manévrovací schopností.		neovladatelné plavidlo.		plavidlo omezené svým ponorem.	
5	C	MP1		Výraz za plavby znamená:	loď není zakotvena, vyvázána ani nesedí na dně.		loď je vyvázána.		loď je zakotvena.	
6	C	MP1		Při mlze, mlhovém oparu, padajícím sněhu, silném dešti, písečné bouři se označuje tento stav jako:	snížená viditelnost.		podmínky pro plavbu s omezenou manévrovací schopností.		snížená manévrovací schopnost plavidla.	
7	C	MP1		Každá loď musí vést nepřetržité a zodpovědné vizuální a sluchové pozorování, aby:	bylo možno plně zhodnotit situaci a nebezpečí srážky.		neminula přístav.		neztratila za snížené viditelnosti z dohledu pobřeží.	
8	C	MP1		Nepřetržité zodpovědné, vizuální a sluchové pozorování musí vést:	každá loď podle převládajících okolností a podmínek.		každá loď, ale pouze v noci a za snížené viditelnosti.		pouze malá plavidla, zvláště pak v noci a za snížené viditelnosti.	
9	C	MP1		Pro stanovení bezpečné rychlosti je nutno brát v úvahu u všech plavidel:	stav viditelnosti, hustotu provozu včetně soustředění rybářských či jiných lodí a manévrovací schopnost plavidla s ohledem na vzdálenost potřebnou k úplnému zastavení plavidla.		hodnotu plavidla a počet osob na plavidle.		hodnotu nákladu a vzdálenost od místa bezpečného přistání.	
10	C	MP1		Všech dostupných prostředků k určení existence nebezpečí srážky musí použít:	každá loď, podle převládajících okolností a podmínek.		každá loď, ale jen v noci a za snížené viditelnosti.		pouze loď se strojním pohonem podle převládajících okolností a podmínek.	
11	C	MP1		Jsou-li pochybnosti o existenci nebezpečí srážky, je třeba počítat s tím, že toto nebezpečí:	existuje.		neexistuje.		existuje pouze v noci a za snížené viditelnosti.	
12	C	MP1		Nebezpečí srážky musí být pokládáno za jisté:	nemění-li se výrazně náměr na přibližující se plavidlo.		mění-li se výrazně náměr na jakékoli plavidlo před traversem.		mění-li se výrazně náměr na přibližující se plavidlo.	
13	C	MP1		Při sblížení se s velmi velkou lodí nebo vlekem nebo při sblížení se s lodí na malou vzdálenost nebezpečí srážky může někdy existovat i při:	výrazně se měnícím náměru.		výrazně rostoucí vzdálenosti.		výrazně se měnící viditelnosti.	
14	C	MP1		Pro zabránění srážce je třeba se vyvarovat:	řady postupných změn kursu a nebo rychlosti o malé hodnotě.		včasných a pozitivních opatření, zabraňujících srážce.		výrazné změny kursu.	
15	C	MP1		Je-li dostatečně velká volná vodní plocha, je nejúčinnější opatření k zabránění srážce:	dostatečně velká, včas provedená změna kursu, která nevyvolá přílišné přiblížení k jiným plavidlům.		řada malých postupných změn kursu.		okamžité přerušení plavby zastavením strojů nebo použitím zpětného chodu.	
16	C	MP1		Činnost podniknutá pro zabránění srážce s jiným plavidlem musí být taková, aby se plavidla minula:	v bezpečné vzdálenosti.		svými pravoboky.		levými levoboky.	
17	C	MP1		Je-li nutno zabránit srážce nebo získat více času k vyhodnocení situace, musí plavidlo:	zmenšit rychlost nebo přerušit plavbu zastavením hlavních strojů nebo použitím zpětného chodu hlavních strojů.		okamžitě oznámit svoje pochybnosti nejméně pěti rychle za sebou jdoucími krátkými tóny houkačkou.		zvětšit rychlost plavby, zvláště nemění-li se výrazně náměr na přibližující se plavidlo.	
18	C	MP1		Loď plující úzkým průplavem se musí držet:	strany dráhy, která leží na straně jejího pravoboku.		strany dráhy, která leží na straně jejího levoboku.		mimo plavební dráhu.	
19	C	MP1		Loď kratší 20 m nebo plachetnice:	nesmí ztěžovat průjezd lodi, která může bezpečně plout pouze v hranicích úzkého průplavu nebo plavební dráhy.		musí v hranicích úzkého průplavu nebo plavební dráhy podávat jakýkoli dostatečně účinný zvukový signál.		musí v hranicích úzkého průplavu podávat jeden prodloužený tón, po kterém následují dva krátké tóny.	
20	C	MP1		Loď provádějící lov ryb nesmí v hranicích úzkého průplavu nebo plavební dráhy ztěžovat průjezd:	jakéhokoli plavidla plujícího v hranicích úzkého průplavu.		lodi kratší 20 m plující v hranicích úzkého průplavu.		plachetnici plující v hranicích úzkého průplavu.	
21	C	MP1		Přibližují-li se k sobě dvě plachetnice tak, že vzniká nebezpečí srážky, musí jedna z nich uvolnit cestu takto:	má-li každá z nich vítr z jiné strany, pak loď mající vítr z levé strany musí uvolnit cestu druhé.		mají-li obě vítr ze stejné strany, pak loď, která je na závětrné straně, musí uvolnit cestu lodi na návětrné straně.		obě plachetnice změnit svůj směr plavby vlevo.	
22	C	MP1		Přibližují-li se k sobě dvě plachetnice tak, že vzniká nebezpečí srážky, musí jedna z nich uvolnit cestu takto:	mají-li obě vítr ze stejné strany, pak loď, která je na návětrné straně, musí uvolnit cestu lodi na závětrné straně.		má-li každá z nich vítr z jiné strany, pak loď mající vítr z pravé strany musí uvolnit cestu druhé.		musí změnit svůj směr plavby tak, aby se vyvarovala křížení kursu před zádí plachetnice.	
23	C	MP1	MP03.jpg	Jestliže plachetnice, mající vítr z levé strany, vidí druhou plachetnici z návětrné strany a nemůže přesně určit, z které strany má tato plachetnice vítr, musí:	jí uvolnit cestu.		změnit směr plavby vpravo.		změnit směr plavby vlevo.	
24	C	MP1		Jestliže plachetnice předjíždí loď se strojním pohonem, musí se:	plachetnice držet mimo dráhu lodi se strojním pohonem.		loď se strojním pohonem držet mimo dráhu.		plachetnice zastavit na vzdálenost odpovídající převládajícím okolnostem a podmínkám.	
25	C	MP1		Každá loď předjíždějící jinou musí:	se držet mimo dráhu lodi předjížděné.		změnit svůj směr plavby vlevo tak, aby míjela druhou loď po pravé straně.		změnit svůj směr plavby vpravo tak, aby míjela druhou loď po levé straně.	
26	C	MP1		Loď bude považována za předjíždějící, přibližuje-li se k druhé lodi:	ze směru, který je víc, než 22,5 stupně za traversem.		z traversu pravého nebo levého boku.		ze směru, který je víc, než 22,5 stupně před traversem.	
27	C	MP1		Jsou-li pochybnosti o tom, zda se má loď považovat za předjíždějící:	musí se tato za ni považovat a jednat podle toho.		nesmí se tato za ni považovat.		musí se tato za ni považovat, ale nemusí jednat podle toho.	
28	C	MP1	MP04.jpg	Přibližují-li se k sobě dvě lodi se strojním pohonem v přímém nebo přibližně přímém směru tak, že vzniká nebezpečí srážky, musí každá z nich:	změnit svůj směr plavby vpravo tak, aby míjela druhou loď po levé straně.		provést včasnou a rozhodnou akci k bezpečnému minutí lodi.		změnit svůj směr plavby vlevo tak, aby míjela druhou loď po pravé straně.	
29	C	MP1	MP05.jpg	Jestliže se křižují kursy dvou lodí se strojním pohonem tak, že vzniká nebezpečí srážky, musí:	loď mající druhou loď po své pravé straně, uvolnit cestu této lodi.		každá z nich změnit svůj směr plavby tak, aby míjela druhou loď po pravé straně.		loď, mající druhou loď po své levé straně, uvolnit cestu této lodi.	
30	C	MP1		Loď, mající druhou loď po své pravé straně, musí uvolnit cestu této lodi, jestliže se křižují kursy:	dvou lodí se strojním pohonem.		jakýchkoli dvou lodí.		plachetnice a lodě se strojním pohonem.	
31	C	MP1		Každá loď, která je podle mezinárodních pravidel pro zabránění srážkám na moři povinna uvolnit cestu druhé lodi, musí, pokud je to možné:	provést včasnou a rozhodnou akci k bezpečnému minutí lodi.		změnit směr plavby vpravo tak, aby míjela druhou loď po levé straně.		včas oznámit svůj manévr zvukovým signálem.	
32	C	MP1		Tam, kde podle jakéhokoli pravidla pro zabránění srážkám na moři musí jedna z lodí uvolnit cestu, musí druhá loď:	udržovat svůj směr a rychlost.		vyvarovat se změny kursu vpravo.		vyvarovat se změny kursu vlevo.	
33	C	MP1		Zjistí-li druhá loď, že loď, která je povinna uvolnit cestu, nejedná podle pravidel pro zabránění srážkám, může:	sama přijmout opatření pro zabránění srážky vlastním vhodným manévrem.		okamžitě změnit směr plavby vpravo.		okamžitě změnit směr plavby vlevo.	
34	C	MP1	MP06.jpg	Jestliže se křižují kursy plachetnice a lodi se strojním pohonem tak, že vzniká nebezpečí srážky, musí:	loď se strojním pohonem uvolnit cestu plachetnici.		plachetnice uvolnit cestu lodi se strojním pohonem.		loď, mající druhou loď po své pravé straně, uvolnit cestu této lodi.	
35	C	MP1	MP07.jpg	Jestliže se křižují kursy plachetnice a plavidla provádějícího lov ryb tak, že vzniká nebezpečí srážky, musí:	plachetnice uvolnit cestu plavidlu provádějícímu lov ryb.		plavidlo provádějící lov ryb uvolnit cestu plachetnici.		loď, mající druhou loď po své pravé straně, uvolnit cestu této lodi.	
36	C	MP1		Plavidlo provádějící lov ryb za plavby musí, nakolik je to prakticky možné, uvolnit cestu:	plavidlu s omezenou manévrovací schopností.		plachetnici za plavby.		lodi se strojním pohonem za plavby.	
37	C	MP1		Plavba lodí v podmínkách snížené viditelnost znamená:	plavba lodí, které nejsou ve vzájemném dohledu při plavbě v podmínkách snížené viditelnosti.		plavba lodí, které jsou ve vzájemném dohledu.		plavba lodí, které používají radar.	
38	C	MP1		V podmínkách snížené viditelnosti musí každé plavidlo:	plout bezpečnou rychlostí stanovenou přiměřeně k převažujícím podmínkám a okolnostem snížené viditelnosti.		přerušit plavbu zastavením hlavních strojů nebo použitím zpětného chodu hlavních strojů.		vyvarovat se změny kursu vlevo.	
39	C	MP1		Při plavbě lodí v podmínkách snížené viditelnosti musí:	každé plavidlo pečlivě dbát na převažující podmínky a okolnosti snížené viditelnosti.		plavidlo bezpodmínečně vypnout chod motorů.		tyto lodě dodržovat podmínky pro zákaz plavby v době mezi západem a východem slunce.	
40	C	MP1		Pravidla týkající se světel musí být dodržena od:	západu do východu slunce a po celou dobu plavby v podmínkách snížené viditelnosti.		18.00 hod do 6.00 hod.		podle plavební situace.	
41	C	MP1		V oblasti snížené viditelnosti nebo v její blízkosti, ve dne či v noci, musí být zvukové signály na plavidle podávány:	zvonem, houkačkou, nebo gongem.		trubkou nebo trojtónem.		píšťalkou nebo sirénou.	
42	C	MP1		Loď se strojním pohonem oznamuje plavidlu v dohledu manévr změny kursu vpravo:	jedním krátkým tónem.		jedním prodlouženým tónem.		dvěma prodlouženými tóny.	
43	C	MP1		Při snížené viditelnosti musí dávat zvukový signál "jeden prodloužený tón" v intervalech kratších než dvě minuty:	loď se strojním pohonem pohybující se vzhledem k vodě.		loď se strojním pohonem nepohybující se vzhledem k vodě.		plavidlo omezované svým ponorem.	
44	C	MP1		Nouzové signály slouží:	k upozornění na nouzi a potřebu pomoci.		k nácviku poplachu na plavidle.		k identifikaci plavidla v nouzi.	
45	C	MP1		Rakety nebo granáty, vypouštějící červené hvězdy, vypalované jednotlivě v krátkých intervalech znamenají:	signál nouze a potřebu pomoci.		oznámení o přeplutí rovníku.		signál lodi zajišťující start nebo přistávání letadla, aby plula poloviční silou.	
46	C	MP1		Signál podávaný radiotelegraficky nebo jiným signalizačním způsobem, skládající se ze skupiny . . . _ _ _ . . . (SOS) v Morseově abecedě znamená:	signál nouze a potřebu pomoci.		žádost o povolení vjezdu do přístavu.		žádost o sdělení polohy lodi.	
47	C	MP1		Padáková raketa nebo ruční pochodeň dávající červené světlo znamená:	signál nouze a potřebu pomoci.		osvětlení prostoru při plavbě za snížené viditelnosti.		optický signál pro plavidlo v dohledu, aby druhé plavidlo minulo na straně jeho pravoboku .	
48	C	MP1		Padáková raketa nebo ruční pochodeň, upozorňující na nouzi a potřebu pomoci, dává:	červené světlo.		bílé světlo.		zelené světlo.	
49	C	MP1		Dýmový signál vydávající oranžově zbarvený dým znamená:	signál nouze a potřebu pomoci.		dodatečný signál pro lodě provádějící lov ryb těsně vedle sebe.		navigační pomůcka při plavbě za snížené viditelnosti.	
50	C	MP1		Dýmový signál, upozorňující na nouzi a potřebu pomoci, vydává:	oranžově zbarvený dým.		žlutě zbarvený dým.		červeně zbarvený dým.	
51	C	MP1		Přibližujete se k plavidlu, na jehož palubě stojí osoba, která pomalu a opakovaně vzpažuje a připažuje. Toto znamená:	upozornění na nouzi a potřebu pomoci.		požadavek na snížení rychlosti plavby.		mám potápěče pod vodou, nepřibližujte se.	
52	C	MP1		Používání nebo vystavování nouzových signálů pro jiné účely, než upozornění na nouzi a potřebu pomoci, je:	zakázáno.		dovoleno, ale jen ve dne.		dovoleno, ale jen v noci.	
53	C	MP2	MP15.jpg	Přibližují-li se k sobě dvě plachetnice tak, že vzniká nebezpečí srážky, musí:	plachetnice y uvolnit cestu.		plachetnice x uvolnit cestu.		obě musí změnit svůj směr plavby vpravo.	
54	C	MP2	MP16.jpg	Přibližují-li se k sobě dvě plachetnice tak, že vzniká nebezpečí srážky, musí:	plachetnice x uvolnit cestu.		plachetnice y uvolnit cestu		obě musí změnit svůj směr plavby vpravo.	
55	C	MP2	MP17.jpg	Přibližují-li se k sobě dvě plachetnice tak, že vzniká nebezpečí srážky, musí:	plachetnice y uvolnit cestu.		plachetnice x uvolnit cestu.		obě musí změnit svůj směr plavby vpravo.	
56	C	MP2	MP18.jpg	Přibližují-li se k sobě dvě lodi se strojním pohonem v přímém směru tak, že vzniká nebezpečí srážky, musí:	obě změnit svůj směr plavby vpravo.		směr plavby změnit pouze plavidlo x.		směr plavby změnit pouze plavidlo y.	
57	C	MP2	MP19.jpg	Jestliže se křižují kurzy dvou lodí se strojním pohonem tak, že vzniká nebezpečí srážky, musí:	loď x uvolnit cestu.		loď y uvolnit cestu.		obě musí změnit směr plavby vpravo.	
58	C	MP2	MP20.jpg	Pro zabránění srážce na zobrazené situaci musí:	plavidlo x uvolnit cestu.		plavidlo y uvolnit cestu.		obě plavidla změnit směr plavby vpravo.	
59	C	MP2	MP22.jpg	Pro zabránění srážce na zobrazené situaci musí:	plavidlo x uvolnit cestu.		plavidlo y uvolnit cestu.		obě plavidla změnit směr plavby vpravo.	
60	C	MP2	MP21.jpg	Pro zabránění srážce na zobrazené situaci musí:	plavidlo y uvolnit cestu.		plavidlo x uvolnit cestu.		obě plavidla změnit směr plavby vpravo.	
61	C	MP2	MP23.jpg	Pro zabránění srážce na zobrazené situaci musí:	plavidlo x uvolnit cestu.		plavidlo y uvolnit cestu.		obě plavidla změnit směr plavby vpravo.	
62	C	MP2	MP24.jpg	Pro zabránění srážce na zobrazené situaci musí:	plavidlo x uvolnit cestu.		plavidlo y uvolnit cestu.		obě plavidla změnit směr plavby vpravo.	
63	C	MP2	MP25.jpg	Pro zabránění srážce na zobrazené situaci musí:	plavidlo x uvolnit cestu.		plavidlo y uvolnit cestu.		obě plavidla změnit směr plavby vpravo.	
64	C	MP2	MP26.jpg	Pro zabránění srážce na zobrazené situaci musí:	plavidlo y uvolnit cestu.		plavidlo x uvolnit cestu.		plavidlo y zastavit.	
65	C	MP3	MP27.jpg	Plachetnice, která vystavuje vpředu kuželový znak vrcholem dolů:	pluje pod plachtami a současně používá strojní pohon.		pluje pod plachtami a má omezenou možnost manévrovat.		pluje pod plachtami a má poruchu motoru.	
66	C	MP3	MP12.jpg	Takto označené plavidlo je:	loď provádějící lov ryb.		loď omezená svým ponorem.		neovladatelné.	
67	C	MP3	MP10.jpg	Takto označené plavidlo je:	neovladatelné.		omezené svým ponorem.		zakotvené.	
68	C	MP3	MP11.jpg	Takto označené plavidlo je:	loď s omezenou manévrovací schopností.		rybářská loď.		nasedlé na dno.	
69	C	MP3	MP14.jpg	Připlouváme zprava k takto označenému plovoucímu stroji. Pro bezpečnou plavbu je nutné:	nechat jej po svém pravoboku.		nechat jej po svém levoboku.		zastavit.	
70	C	MP3	MP08.jpg	Takto označené plavidlo je:	omezeno svým ponorem.		zakotveno.		neovladatelné.	
71	C	MP3	MP09.jpg	Takto označené plavidlo je:	nasedlé na dno.		lodivod.		rybářská loď.	
72	C	MP3	MP13.jpg	Takto označené plavidlo je:	zakotvené.		nasedlé na dno.		rybářská loď.	
73	C	MP4		Mořské vnitřní vody jsou:	oblasti mezi pevninou a základní linií teritoriálního moře.		oblasti mezi teritoriálním a volným mořem.		oblasti mezi přílivem a odlivem.	
74	C	MP4		Teritoriální moře je definováno jako:	pásmo vod zahrnuté do teritoria pobřežního státu.		oblast bezpečného průjezdu.		oblast zakázaného pronásledování.	
75	C	MP4		Volné moře:	leží vně hranice moře teritoriálního.		je chráněné území sousedního státu.		je oblast národního zájmu příslušného státu.	
76	C	MP4		Námořní protest podává velitel lodě:	došlo-li nebo mohlo-li v souvislosti s provozem lodě dojít k poškození lodě, nákladu nebo zdraví osob na lodi.		nejsou-li zabezpečeny na lodi podmínky péče o posádku.		je-li přesvědčen, že osoba pověřená vykonáváním státního dozoru na plavidle zjistila nedostatky, které neodpovídají skutečnosti.	
77	C	MP4		Námořní protest podává velitel lodě:	v nejbližším přístavu, do kterého připluje, zastupitelskému úřadu ČR nebo notářství nebo námořnímu úřadu nebo soudu státu, do jehož přístavu loď připlula.		v nejbližším přístavu, do kterého připluje, provozovateli plavidla.		v místě sídla zastupitelského úřadu ČR vlastníkovi plavidla.	
78	C	MP4		Srážka námořního plavidla s jiným námořním plavidlem nebo jiným pevným předmětem se v námořním zákoně nazývá:	námořní nehodou.		námořním protestem.		společnou kolizí.	
79	C	MP4		Znečištění mořského prostředí se v námořním zákoně nazývá:	námořní nehodou.		námořním protestem.		společnou kolizí.	
80	C	MP4		Škody, které vzniknou úmyslným a účelným způsobením škody pro záchranu majetkových hodnot ze společného námořního nebezpečí, se v námořním zákoně nazývají:	společnou havárií.		námořním protestem.		námořní kolizí.	
81	C	MP4		Za provedenou záchranu lodě a dalších hodnot na lodi:	se poskytuje zachránci odměna přiměřená stupni ohrožení, úsilí zachránce a úspěšnosti záchrany.		se poskytuje zachránci odměna, pokud byla předem podepsána smlouva o poskytnutí pomoci.		se odměna neposkytuje.	
82	C	MP4		Pokud byla plavidlu poskytnuta pomoc, o kterou v nouzi požádalo:	může kapitán plavidla, které pomoc poskytlo, požádat o finanční odměnu za poskytnutí pomoci.		nemůže kapitán plavidla, které pomoc poskytlo, požádat o finanční odměnu za poskytnutí pomoci.		rozhoduje o nároku na odměnu za poskytnutí pomoci zásadně námořní soud.	
83	C	MP4		Za poskytnutí pomoci k záchraně na moři:	má zachránce zákonné námořní zástavní právo k zachráněnému majetku.		nemá zachránce zákonné námořní zástavní právo k zachráněnému majetku.		má zachránce zákonné námořní zástavní právo k zachráněnému majetku, pokud byla předem podepsána smlouva o poskytnutí pomoci.	
84	C	MP4		Pokud je kolem plující plavidlo požádáno o odtažení lodě do nejbližšího přístavu a zachránce po odtažení žádá o finanční odměnu:	může použít zachránce zástavního práva k zachráněné lodi, pokud není schopen žadatel o pomoc finanční odměnu poskytnout.		nemá zachránce na finanční odměnu nárok.		může použít zachránce zástavního práva k zachráněné lodi, pokud není schopen žadatel o pomoc finanční odměnu poskytnout, byla-li předem podepsána smlouva o poskytnutí pomoci.	
85	C	N1		Magnetický a ruční zaměřovací kompas slouží obecně pro měření:	směru.		hloubky.		rychlosti.	
86	C	N1		Střelka magnetického kompasu směřuje:	k severnímu pólu a je ovlivněna deklinaci a deviací.		k severnímu pólu a není ničím ovlivněna.		vždy rovnoběžně s osou plavidla a je ovlivněna polohou plavidla vůči severu.	
87	C	N1		Úhel mezi zeměpisným a magnetickým pólem se nazývá:	deklinace.		deviace.		devalvace.	
88	C	N1		Odchylka kompasu způsobená různými magnetickými poli se nazývá:	deviace.		dekontaminace		deklinace.	
89	C	N1		Plujete rychlostí 5 uzlů. Tato rychlost odpovídá přibližně rychlosti:	2,5 m/s.		5 m/s.		10 m/s.	
90	C	N1		Plujete rychlostí 4 uzle. Tato rychlost odpovídá přibližně rychlosti:	2 m/s.		4 m/s.		8 m/s.	
91	C	N1		Plujete rychlostí 6 uzlů. Tato rychlost odpovídá přibližně rychlosti:	3 m/s.		6 m/s.		12 m/s.	
92	C	N1		Plujete rychlostí 2 m/s. Tato rychlost odpovídá přibližně rychlosti:	4 uzle.		2 uzle.		1 uzel.	
93	C	N1		Plujete rychlostí 1 m/s. Tato rychlost odpovídá přibližně rychlosti:	2 uzle.		1 uzel.		0,5 uzle.	
94	C	N1		Plujete rychlostí 3 m/s. Tato rychlost odpovídá přibližně:	6 uzlů.		3 uzle.		1,5 uzle.	
95	C	N1		Na plavidle měříte rychlost metodou tzv. "bočního logu". Délka plavidla je 6 metrů. Naměřený čas jsou 3 sekundy. Rychlost plavidla je:	4 uzle.		2 uzle.		6 uzlů.	
96	C	N1		Na plavidle měříte rychlost metodou tzv. "bočního logu". Délka plavidla je 8 metrů. Naměřený čas jsou 4 sekundy. Rychlost plavidla je:	4 uzle.		2 uzle.		8 uzlů.	
97	C	N1		Na plavidle měříte rychlost metodou tzv. "bočního logu". Délka plavidla je 10 metrů. Naměřený čas je 5 sekund. Rychlost plavidla je:	4 uzle.		2 uzle.		10 uzlů.	
98	C	N1		Rychlost vašeho plavidla je 3 uzle. Vzdálenost 1 ,5 námořní míle uplujete za:	0,5 hodiny.		1 hodinu.		2 hodiny.	
99	C	N1		Rychlost vašeho plavidla je, 4 uzle. Vzdálenost 2 námořní míle uplujete za:	0,5 hodiny.		1 hodinu.		2 hodiny.	
100	C	N2		Měřítko mapy 1 : 10 000 znamená, že 1 cm na mapě odpovídá:	100 m ve skutečnosti.		100 cm ve skutečnosti.		1 km ve skutečnosti.	
101	C	N2		Měřítko mapy 1 : 100 000 znamená, že 1 cm na mapě odpovídá:	1 km ve skutečnosti.		100 m ve skutečnosti.		10 km ve skutečnosti.	
102	C	N2		Na námořní mapě se linie, která spojuje místa stejných hloubek nazývá:	izobata.		izobara.		izohypsa.	
103	C	N2	N39.jpg	Na metrické mapě znamená uvedená číslice hloubku:	3,5 metru.		3 metry 5 centimetrů.		35 metrů.	
104	C	N2	N40.jpg	Na metrické mapě znamená uvedená číslice hloubku:	6 metrů 3 decimetry.		63 metrů.		6 metrů 3 centimetry.	
105	C	N2	N37.jpg	Na námořní mapě znamená znak:	ponořená skála, nebezpečná pro plavbu, s uvedenou hloubkou nad ní.		ponořený kámen, plavba nad ním je bezpečná.		překážka s uvedenou výškou nad hladinou.	
106	C	N2	N29.jpg	Na námořní mapě znamená znak:	přístavní úřad.		významná kóta nad hladinou.		celnice.	
107	C	N2	N30.jpg	Na námořní mapě znamená znak:	celnice		komín.		kostel.	
108	C	N2	N31.jpg	Na námořní mapě znamená znak:	kotviště.		stanoviště lodivoda.		kotvení zakázáno.	
109	C	N2	N32.jpg	Na námořní mapě znamená znak:	kotvení zakázáno.		kotviště.		nebezpečný vrak pod hladinou.	
110	C	N2	N33.jpg	Na námořní mapě znamená znak:	skály ve výši hladiny		navigační světlo.		vysílač.	
111	C	N2	N34.jpg	Na námořní mapě znamená znak v barvě fialové:	kabel pod vodou.		izobaty.		nebezpečná mělčina.	
112	C	N2	N35.jpg	Na námořní mapě znamená znak:	potrubí pod vodou.		čerpací stanice pohonných hmot.		hranice zákazu plavby.	
113	C	N2	N01.jpg	Na námořní mapě znamená znak:	potopený vrak, nebezpečný pro lodní dopravu.		vrak vyčnívající nad hladinu.		vrak, který není nebezpečný pro lodní dopravu.	
114	C	N2	N02.jpg	Na námořní mapě znamená znak:	vrak, který není nebezpečný pro lodní dopravu.		vrak vyčnívající nad hladinu.		vrak nebezpečný pro lodní dopravu.	
115	C	N2	N36.jpg	Na námořní mapě znamená znak:	nebezpečné skalní útesy pod vodou.		bóje pravé strany plavební dráhy.		radarový odražeč.	
116	C	N2	N38.jpg	Tento údaj na displeji přístroje GPS znamená, že bod se nachází na pozici:	43 stupňů, 20 minut severní šířky a 15 stupňů 40 minut východní délky.		43 stupňů 20 minut severní délky a 15 stupňů 40 minut východní šířky.		43 stupňů 20 minut severní šířky a 15 stupňů 40 minut východní šířky.	
117	C	N2		Námořní míle měří:	1852 m.		1609 m.		1500 m, ale jen v naší zeměpisné šířce.	
118	C	N2		Námořní míle se na mapě odměřují:	na svislém rámečku mapy.		na vodorovném rámečku mapy.		na vodorovném nebo svislém rámečku mapy.	
119	C	N2		Na námořní mapě spojuje poledník body se stejnou:	zeměpisnou délkou.		zeměpisnou šířkou.		hloubkou.	
120	C	N2		Na námořní mapě spojuje rovnoběžka body se stejnou:	zeměpisnou šířkou.		zeměpisnou délkou.		hloubkou.	
121	C	N2		Zeměpisnou šířku odečítáme na námořní mapě:	podél pravého a levého svislého rámečku mapy.		podél horního a spodního vodorovného rámečku mapy.		v libovolné části rámečku mapy.	
122	C	N2		Zeměpisnou délku odečítáme na námořní mapě:	podél horního a spodního vodorovného rámečku mapy.		podél pravého a levého svislého rámečku mapy.		v libovolné části rámečku mapy.	
123	C	N3	N03.jpg	Plujete z moře do přístavu. Před sebou vidíte červenou válcovou bóji. Jestliže chcete plout v plavební dráze:	musíte minout bóji na levoboku.		musíte minout boji na pravoboku.		můžete bóji míjet po obou stranách.	
124	C	N3	N04.jpg	Plujete z moře do přístavu. Před sebou vidíte zelenou kuželovitou bóji. Jestliže chcete plout v plavební dráze:	musíte minout bóji na pravoboku.		musíte minout bóji na levoboku.		můžete bóji míjet po obou stranách.	
125	C	N3	N05.jpg	Plujete z přístavu na moře. Před sebou vidíte červenou tyčovou bóji, která má červený válec jako vrcholový znak. Jestliže chcete plout v plavební dráze, musíte:	minout bóji na pravoboku.		minout boji na levoboku.		bóji lze míjet po obou stranách.	
126	C	N3	N06.jpg	Plujete z přístavu na moře. Před sebou vidíte zelenou tyčovou bóji, která má zelený kužel vrcholem vzhůru jako vrcholový znak. Jestliže chcete plout v plavební dráze, musíte:	minout bóji na levoboku.		minout bóji na pravoboku.		bóji lze míjet po obou stranách.	
127	C	N3		Červené válcové bóje mohou mít jako vrcholový znak:	červený válec.	N03a.jpg	červenou kouli.	N07.jpg	červený kužel.	N08.jpg
128	C	N3		Zelené kuželové bóje mohou mít jako vrcholový znak:	zelený kužel vrcholem vzhůru.	N04a.jpg	zelený válec.	N09.jpg	zelenou kouli.	N10.jpg
129	C	N3		Plujete z moře do přístavu. Před sebou vidíte bóji, která značí, že hlavní plavební dráha je vpravo. Tato bóje bude:	červená válcová s jedním širokým vodorovným zeleným pásem.	N11.jpg	zelená kuželová s jedním širokým vodorovným červeným pásem.	N12.jpg	červená kuželová s jedním širokým vodorovným zeleným pásem.	N13.jpg
130	C	N3		Plujete z moře do přístavu. Před sebou vidíte bóji, která značí, že hlavní plavební dráha je vlevo. Tato bóje bude:	zelená kuželová s jedním širokým vodorovným červeným pásem.	N12.jpg	červená válcová s jedním širokým vodorovným zeleným pásem.	N11.jpg	zelená válcová s jedním širokým vodorovným červeným pásem.	N14.jpg
131	C	N3		Plujete v hlavní plavební dráze z přístavu na moře. Bóje, které míjíte na levoboku, budou mít jako vrcholový znak:	zelený kužel vrcholem vzhůru.	N04a.jpg	červený válec.	N03a.jpg	červenou kouli.	N07.jpg
132	C	N3		Plujete v hlavní plavební dráze z přístavu na moře. Bóje, které míjíte na pravoboku budou mít jako vrcholový znak:	červený válec.	N03a.jpg	zelený kužel vrcholem vzhůru.	N04a.jpg	červenou kouli.	N07.jpg
133	C	N3	N15a.jpg	Plujete z přístavu na moře. Před sebou vidíte kulovou bóji, která má červené a bílé svislé pruhy. Tato bóje znamená, že:	kolem ní je splavná voda.		se pod ní nachází izolované nebezpečí.		se blížíme k pásmu vojenských cvičení.	
134	C	N4		Kardinální značení v systému IALA ukazuje bezpečnou stranu při míjení nebezpečí na východní straně. Bóje má jako vrcholový znak:		N16.jpg		N17.jpg		N18.jpg
135	C	N4		Kardinální značení v systému IALA ukazuje bezpečnou stranu při míjení nebezpečí na západní straně. Bóje má jako vrcholový znak:		N18.jpg		N16.jpg		N17.jpg
136	C	N4		Kardinální značení v systému IALA ukazuje bezpečnou stranu při míjení nebezpečí na jižní straně. Bóje má jako vrcholový znak:		N19.jpg		N18.jpg		N16.jpg
137	C	N4		Kardinální značení v systému IALA ukazuje bezpečnou stranu při míjení nebezpečí na severní straně. Bóje má jako vrcholový znak:		N17.jpg		N16.jpg		N19.jpg
138	C	N4	N16.jpg	Při plavbě v pobřežních vodách se blížíte k bóji, která má jako vrcholový znak uvedené vyobrazení. Splavná voda se nachází:	východně od bóje.		jižně od bóje.		západně od bóje.	
139	C	N4	N18.jpg	Při plavbě v pobřežních vodách se blížíte k bóji, která má jako vrcholový znak uvedené vyobrazení. Splavná voda se nachází:	západně od bóje.		jižně od bóje.		východně od bóje.	
140	C	N4	N17.jpg	Při plavbě v pobřežních vodách se blížíte k bóji, která má jako vrcholový znak uvedené vyobrazení. Splavná voda se nachází:	severně od bóje.		jižně od bóje.		západně od bóje.	
141	C	N4	N19.jpg	Při plavbě v pobřežních vodách se blížíte k bóji, která má jako vrcholový znak znak uvedené vyobrazení.Splavná voda se nachází:	jižně od bóje.		severně od bóje.		východně od bóje.	
142	C	N4	N20.jpg	Při plavbě v pobřežních vodách se blížíte k bóji, která z nějakého důvodu ztratila vrcholový znak. Bóje má následující zbarvení: nahoře žlutá, dole černá. Tato bóje udává, že splavná voda se nachází:	jižně od bóje.		severně od bóje.		východně od bóje.	
143	C	N4	N21.jpg	Při plavbě v pobřežních vodách se blížíte k bóji, která z nějakého důvodu ztratila vrcholový znak. Bóje má následující zbarvení: nahoře černá, dole žlutá. Tato bóje udává, že splavná voda se nachází:	severně od bóje.		západně od bóje.		jižně od bóje.	
144	C	N4	N22.jpg	Při plavbě v pobřežních vodách se blížíte k bóji, která z nějakého důvodu ztratila vrcholový znak. Bóje má následující zbarvení: černá s jedním žlutým širokým vodorovným pruhem. Tato bóje udává, že splavná voda se nachází:	východně od bóje.		severně od bóje.		západně od bóje.	
145	C	N4	N23.jpg	Při plavbě v pobřežních vodách se blížíte k bóji, která z nějakého důvodu ztratila vrcholový znak. Bóje má následující zbarvení: žlutá s jedním černým širokým vodorovným pruhem. Tato bóje udává, že splavná voda se nachází:	západně od bóje.		jižně od bóje.		východně od bóje.	
146	C	N4		V systému IALA se nad izolovaným nebezpečím upevňuje bóje, která má jako vrcholový znak:		N24.jpg		N25.jpg		N26.jpg
147	C	N4		Bóje, která v systému IALA informuje například o pásmu vojenských cvičení, o rekreačním pásmu, o uložení kabelů nebo potrubí a podobně má barvu:	žlutou.	N27.jpg	červené a bílé svislé pruhy.	N15.jpg	černou s jedním červeným širokým vodorovným pruhem.	N28.jpg
148	C	N4		Bóje, která v systému IALA značí izolované nebezpečí má barvu:	černou s jedním nebo více širokými vodorovnými červenými pruhy.	N28.jpg	žlutou.	N27.jpg	červené a bílé svislé pruhy.	N15.jpg
149	C	N4		Bóje, která v systému IALA značí bezpečnou vodu, má barvu:	červené a bílé svislé pruhy.	N15.jpg	černou s jedním nebo více širokými vodorovnými červenými pruhy.	N28.jpg	žlutou.	N27.jpg
150	C	M1		Obecně platí, že s přibývající nadmořskou výškou tlak vzduchu:	klesá.		stoupá.		zůstává stejný.	
151	C	M1		Normální atmosférický tlak přepočtený na hladinu moře je:	1013 hPa.		993 hPa.		1023 hPa.	
152	C	M1		Při stavu aneroidu 990 hPa je tlak vzduchu:	nízký.		vysoký.		normální.	
153	C	M1		Čára spojující místa se stejnou hodnotou tlaku vzduchu přepočítaného na hladinu moře se nazývá:	izobara.		izobata.		izohypsa.	
154	C	M1		Na synoptické mapě je rozložení tlaku vzduchu znázorněno pomocí:	izobar.		izobat.		izohyps.	
155	C	M1		K měření tlaku vzduchu se na malých plavidlech nejčastěji používá:	aneroid.		rtuťový tlakoměr.		anemometr.	
156	C	M1		Beaufortova stupnice se využívá pro odhad:	síly větru.		oblačnosti.		směru větru.	
157	C	M1		Vítr je jihovýchodní. Znamená to, že vane:	z jihovýchodu na severozápad.		ze severozápadu na jihovýchod.		z jihu na východ.	
158	C	M1		Vítr je severozápadní. Znamená to, že vane:	ze severozápadu na jihovýchod.		z jihovýchodu na severozápad.		ze severu na západ.	
159	C	M1		Rychlost větru 4° Bft je asi:	12 uzlů (6 m/s).		6 uzlů (3 m/s).		20 uzlů (10 m/s).	
160	C	M1		Rychlost větru 6°Bft je asi:	24 uzle (12 m/s).		18 uzlů (9 m/s).		30 uzlů (15 m/s).	
161	C	M1		Oblaky vznikají:	ochlazováním stoupající masy vzduchu.		oteplováním klesající masy vzduchu.		oteplováním stoupající masy vzduchu.	
162	C	M1		Vysokými oblaky jsou:	cirrus, cirrocumulus, cirrostratus.		altocumulus, altostratus, nimbostratus.		stratus, stratocumulus.	
163	C	M1		Do středního patra oblaků patří:	altocumulus, altostratus.		stratocumulus.		stratus.	
164	C	M1		Mezi nízké oblaky patří:	stratocumulus, stratus.		altocumulus, altostratus.		cirrus, cirrostratus.	
165	C	M1		Cumulonimbus:	zasahuje výškově do všech pater.		patří mezi střední oblaky.		patří mezi nízké oblaky.	
166	C	M1		Cirrocumulus patří mezi:	vysoké oblaky.		střední oblaky.		nízké oblaky.	
167	C	M1	M01.jpg	Všeobecný název pro jednotlivé vzájemně oddělené bílé obláčky vláknité struktury, často hedvábného lesku, bez vlastního stínu, které mají tvar vláken nebo jejich svazků, které nezeslabují světlo a jsou složeny z krystalků ledu je:	cirrus.		stratus.		cumulus.	
168	C	M1	M02.jpg	Všeobecný název pro jednotlivé, obvykle zářivě bílé a husté mraky s ostře ohraničenými obrysy, které jsou buď ploché, nebo se vyvíjejí do výšky ve tvaru kup nebo věží, které mají téměř vodorovnou základnu poměrně tmavou a které jsou tvořeny z kapiček vody	cumulus.		stratus.		nimbostratus.	
169	C	M1	M03.jpg	Všeobecný název pro souvislou jednotvárně šedou oblačnou vrstvu bez určitých obrysů, ze které může někdy mrholit, je:	stratus.		altocumulus.		cirrostratus.	
170	C	M1	M04.jpg	Všeobecný název pro mohutný a hustý oblak nápadně vyvinutý do výšky, jehož horní část je zploštělá a rozšiřuje se do podoby vějíře nebo kovadliny, který přináší nárazovitý silný vítr a lijáky, je:	cumulonimbus.		nimbostratus.		cumulus.	
171	C	M1		V teplé vzduchové hmotě se vyskytují převážně oblaky typu:	stratus, stratocumulus.		cumulus, cumulonimbus.		cirrostratus, altostratus.	
172	C	M1		Ve studené vzduchové hmotě se vyskytují převážně oblaky typu:	cumulus, cumulonimbus.		stratus, stratocumulus.		cirrostratus, altostratus.	
173	C	M1		Jestliže vzduchová hmota proudí nad chladnější povrch, než byla oblast jejího vzniku, je tato vzduchová hmota:	teplá.		studená.		místní.	
174	C	M1		Jestliže vzduchová hmota proudí nad teplejší povrch, než byla oblast jejího vzniku, je tato vzduchová hmota:	studená.		teplá.		místní.	
175	C	M1	M05.jpg	Útvar znázorněný na synoptické mapě zobrazuje:	tlakovou níži.		tlakovou výši.		hřeben vysokého tlaku.	
176	C	M1	M06.jpg	Útvar znázorněný na synoptické mapě znázorňuje:	tlakovou výši.		tlakovou níž.		brázdu nízkého tlaku.	
177	C	M1		Synoptická mapa slouží:	pro vyhodnocení povětrnostní situace.		k lepší navigační orientaci v dané oblasti.		k zápisu trasových bodů uskutečněné plavby.	
178	C	M1		Výška vlny se měří:	mezi prohlubní a hřbetem.		mezi dnem a maximálním vzdutím.		mezi pobřežní linií a hřbetem vlny.	
179	C	M1		Tlak vzduchu zpravidla měříme aneroidem v:	hektopascalech (hPa).		metrech za sekundu (m/s).		procentech (%).	
180	C	M1		Silný studený vítr ze severu nebo severozápadu se ve Středomoří označuje jako:	Mistral.		Föhn.		Scirocco.	
181	C	M1	M07.jpg	Na synoptické mapě je takto znázorněna:	teplá fronta.		studená fronta.		okluzní fronta.	
182	C	M1	M08.jpg	Na synoptické mapě je takto znázorněna:	studená fronta.		teplá fronta.		okluzní fronta.	
183	C	M1		Na synoptické mapě je okluzní fronta označena:		M09.jpg		M07.jpg		M08.jpg
184	C	M1		Rychlost větru měříme anemometrem v:	metrech za sekundu (m/s).		procentech (%).		hektopascalech (hPa).	
185	C	M1		Na synoptické mapě je mrholení zobrazeno symbolem:		M13.jpg		M11.jpg		M12.jpg
186	C	M1	M12.jpg	Uvedený symbol na synoptické mapě znamená:	sněžení.		mrznoucí déšť.		jinovatka.	
187	C	M1	M11.jpg	Uvedený symbol na synoptické mapě znamená:	déšť.		mrholení.		kroupy.	
188	C	M1		V průběhu působení pevninské brízy vane vítr:	večer a v noci z pevniny na moře.		ráno a dopoledne z moře na pevninu.		v noci a dopoledne z moře na pevninu.	
189	C	M1		Studený a nárazovitý vítr přicházející od severovýchodu dosahující někdy až síly vichřice se na Jadranu nazývá:	bóra.		fén.		gregale.	
190	C	M1		Synoptická mapa znázorňuje:	rozložení barických útvarů.		doporučené plavební trasy.		směry mořských proudů a větrů v jednotlivých ročních obdobích.	
191	C	M1		Jestliže jsou na synoptické mapě izobary těsně vedle sebe, lze očekávat:	silný vítr.		slabý vítr.		bezvětří.	
192	C	M1		Jestliže jsou na synoptické mapě izobary od sebe značně vzdáleny, lze očekávat:	slabý vítr.		silnou vichřici.		silný vítr.	
193	C	M1		Jestliže se na horizontu objeví oblak cumulonimbus s vrcholkem připomínajícím kovadlinu, lze očekávat:	bouřku, silný nárazový vítr.		převážně pěkné počasí.		dosavadní ráz počasí se nezmění.	
194	C	M1		Červená obloha při východu slunce naznačuje:	pravděpodobnost špatného počasí.		převážně pěkné počasí.		nemá žádný význam.	
195	C	M1		Slunce zapadá za husté tmavé oblaky na horizontu. Oblaky mají červeně zbarvené okraje. Lze očekávat:	pravděpodobnost, že se zhorší počasí.		převážně pěkné počasí.		nemá žádný význam na vývoj počasí.	
196	C	M1		Část zemské atmosféry, ve které se odehrávají veškeré atmosférické děje se nazývá:	troposféra.		ionosféra.		stratosféra.	
197	C	M1		Na moři se tvoří hustší bílé čepice z přepadajících hřebenů. Podle Beaufortovy stupnice stavu moře se jedná o stupeň vlnění:	4.		3.		2.	
198	C	M1		Hraniční linie, tak zvaná fronta, se vytváří:	při styku studené a teplé vzduchové masy.		při putování různými oklikami ze západu na východ.		při úplném vytlačení studeného vzduchu.	
199	C	M1		Nejnižší tlak se nalézá:	ve středu cyklóny.		na okraji rotující cyklóny.		v horní části stacionární barické fronty.	
200	C	M1		Jak se nazývá proces uzavírání teplého sektoru tlakové níže:	okluze.		sekundární cyklóna.		anticyklóna.	
201	C	M1		Ve středu anticyklóny je tlak:	maximální.		minimální.		bez tlaku.	
202	C	Z1		Záchranné vybavení lodi při plavbě do 1 námořní míle od břehu tvoří nejméně:	Záchranné kruhy (podkovy) a záchranné vesty.		záchranný vor dimenzovaný na počet osob podle obsaditelnosti jachty.		člun se vztlakovými komorami a bezpečnostní pás.	
203	C	Z1		Předepsaný počet záchranných kruhů (podkov) na lodi při plavbě do 1 námořní míle od břehu je nejméně:	dva kusy.		jeden kus.		tři kusy.	
204	C	Z1		Záchranné kruhy (podkovy) musí být pro plavbu vybaveny:	jeden kus záchranným lankem délky 20 m, druhý kus samozažíhacím světlem nebo světelně dýmovou bójí.		jeden kus plovoucí kotvou, druhý kus signalizační píšťalkou.		signalizační píšťalkou.	
205	C	Z1		Záchranný kruh (podkova) má zpravidla barvu:	oranžovou.		bílou.		zelenou.	
206	C	Z1		Počet záchranných vest na lodi při plavbě na moři musí být nejméně:	roven počtu osob na palubě.		o jednu vyšší než je počet osob na palubě.		roven polovině osob na palubě.	
207	C	Z1		Je-li záchranná vesta vybavena příslušenstvím, pak to zpravidla bývá:	samozažíhací světlo, píšťalka, sáček s fluorescenčním barvivem.		sadou světlic v barvě bílé, modré a zelené.		signalizačním zrcátkem.	
208	C	Z1		Bezpečnostní pásy na lodi při plavbě do 1 námořní míle od břehu:	nejsou vyžadovány.		se vyžadují v počtu jeden kus na plavidle.		se vyžadují v počtu odpovídajícím polovině osob na plavidle.	
209	C	Z1		Záchranný ostrůvek na lodi při plavbě do 1 námořní míle od břehu:	není podle vyhlášky povinnou výbavou.		se vyžaduje. Je možno jej nahradit člunem se vztlakovými komorami.		je povinnou výbavou.	
210	C	Z1		Havarijní situace, které mohou na lodi při plavbě na moři vzniknout, jsou:	muž přes palubu, poplach požární, vodní, lodní (opuštění lodi), nasednutí na mělčinu.		poškození motoru či takeláže plachetnice.		zranění či vážná nemoc člena posádky.	
211	C	Z1		Manévr "muž přes palubu"je povinen kapitán:	s posádkou nacvičit co nejdříve po vyplutí a provést o tom zápis do lodního deníku.		s posádkou nacvičit v případě hrozícího zhoršení počasí a provést o tom zápis do lodního deníku.		nacvičit s nezkušenou posádkou.	
212	C	Z1		K hašení požáru na lodi nelze v žádném případě použít hasicí přístroj:	tetrachlorový.		práškový.		vodní či pěnový.	
213	C	Z1		Mezi prostředky, nezbytné na lodi v případě vodního poplachu (pronikání vody do poškozené lodi), patří:	vodní pumpy, lekážní prostředky (nepromokavá plachta, tabule plechu - plastu - gumy, matrace, lana vzpěry).		cement tuhnoucí pod vodou.		požární vědro, epoxidové rychleschnoucí tmely a polypropylenová lana.	
214	C	Z1		V případě lodního poplachu (opuštění vážně poškozené lodě) kapitán:	opouští loď jako poslední.		nastupuje do záchranného člunu jako první.		musí zůstat na poškozené lodi, dokud se nedostaví pomoc.	
215	C	Z1		V případě nasednutí lodi na dno závisí stupeň ohrožení a další postup na:	rozsahu poškození lodě, jejím využitelném vybavení pro daný účel, druhu dna, poloze mělčiny vůči větru a na stavu moře.		typu a váze kotvy a délce řetězu či lana.		druhu vrtule a výkonu motoru.	
1	M	PP1 2015		Termínem "plavidlo" se ve smyslu zákona o vnitrozemské plavbě rozumí:	ovladatelné těleso určené k pohybu nebo stání na vodě, zejména za účelem přepravy osob a nákladu nebo nesení strojů a zařízení.		loď s vlastním pohonem, plovoucí těleso a plovoucí zařízení.		těleso schopné plavby, které je řiditelné a splňuje podmínky plovatelnosti.	
2	M	PP1 2015		Termínem "plavidlo s vlastním pohonem" se ve smyslu pravidel plavebního provozu rozumí:	plavidlo vybavené vlastním strojním pohonem s výjimkou plavidla, jehož strojní pohon je používán pouze pro manévry a snadnější vedení při vlečení nebo tlačení.		plavidlo, které pluje výlučně pomocí plachet.		plavidlo, které nepluje pomocí vlastního strojního pohonu ani pomocí plachet.	
3	M	PP1 2015		Termínem "plachetnice" se ve smyslu pravidel plavebního provozu rozumí:	plavidlo, které pluje pouze pomocí plachet a současně nepoužívá vlastní strojní pohon.		plavidlo, které pluje pomocí plachet a zároveň používá vlastní strojní pohon.		plavidlo, které pluje pomocí plachet nebo vlastního strojního pohonu, ale jeho délka nepřesahuje 20 m.	
4	M	PP1 2015		Malé plavidlo je ve smyslu zákona o vnitrozemské plavbě:	plavidlo, jehož délka nepřesahuje 20 metrů, není určené k vlečení, tlačení nebo vedení v bočně svázané sestavě jiných než malých plavidel nebo k přepravě více než 12 cestujících a není tlačným člunem.		plavidlo, jehož délka nepřesahuje 22 metrů, převozní loď, tlačný člun, jehož délka nepřesahuje 20 metrů a které není určené k přepravě více než 20 cestujících.		plavidlo, jehož délka nepřesahuje 24 m, není používané k vlečení, tlačení nebo vedení plavidel v bočně svázané sestavě a není na něm povoleno přepravovat více než 24 cestujících.	
5	M	PP1 2015		Plavidlo, jehož délka nepřesahuje 20 m, není ve smyslu zákona o vnitrozemské plavbě malým plavidlem:	je-li určené k vlečení, tlačení nebo vedení bočně svázané sestavy jiných než malých plavidel.		je-li určené nebo používané k vlečení, tlačení nebo vedení bočně svázané sestavy jiných plavidel.		je-li používané k vlečení vodních lyžařů.	
6	M	PP1 2015		"Plovoucí stroj" je ve smyslu zákona o vnitrozemské plavbě:	zařízení schopné plavby vybavené mechanickým zařízením a určené pro práce na vodní cestě nebo v přístavu.		zařízení schopné plavby, užívané na vodních cestách, které není určeno k opakovanému přemísťování (plovárna, dok, přístavní můstek, plovoucí garáž, botel, atd.).		konstrukce, objekt nebo pevné seskupení předmětů, schopné plavby, které není plavidlem ani plovoucím zařízením.	
7	M	PP1 2015		"Plovoucí zařízení" je ve smyslu zákona o vnitrozemské plavbě:	zařízení schopné plavby s výjimkou plovoucího stroje, které není určeno k opakovanému přemísťování.		plavidlo vybavené mechanickým zařízením a určené pro práce na vodních cestách nebo v přístavech.		plavidlo zkonstruované nebo speciálně vybavené zařízením pro plavbu vlečením nebo tlačením.	
8	M	PP1 2015		Termín "sestava plavidel" je ve smyslu zákona o vnitrozemské plavbě:	spojení několika plavidel, z nichž alespoň jedno je s vlastním pohonem.		komplex plovoucích prostředků, určený pro údržbu vodních cest, který se skládá z bagru, elevátoru, remorkérů a tlačných nebo vlečných člunů.		spojení plavidel, plovoucích zařízení nebo plovoucích těles boky vedle sebe.	
9	M	PP1 2015		"Vlečná sestava" je ve smyslu zákona o vnitrozemské plavbě znění:	spojení jednoho nebo více plavidel vlečených jedním nebo několika plavidly s vlastním pohonem, která jsou součástí sestavy.		spojení plavidel boky vedle sebe, z nichž se ani jedno nenachází před plavidlem s vlastním pohonem, které zajišťuje pohyb sestavy.		plavidlo, plovoucí těleso nebo jejich spojení, vlečené ze břehu.	
10	M	PP1 2015		Stojícím plavidlem je ve smyslu pravidel plavebního provozu plavidlo, které:	je přímo nebo nepřímo zakotveno nebo přímo nebo nepřímo vyvázáno ke břehu.		stojí vůči břehu a motory pracují jen takovou silou, aby překonaly účinek proudu vody.		je uvázlé na překážce nebo na dně vodní cesty, v důsledku čehož došlo ke ztrátě volného pohybu.	
11	M	PP1 2015		Plujícím plavidlem je ve smyslu pravidel plavebního provozu plavidlo, které:	není přímo nebo nepřímo zakotveno, vyvázáno ke břehu nebo není nasedlé.		je zakotveno nebo vyvázáno, ale zasahuje nejméně polovinou šířky do plavební dráhy.		je zakotveno nebo vyvázáno mimo stanoviště označené plavebními znaky, vyjadřujícími způsob stání.	
12	M	PP1 2015		Zastavením je ve smyslu pravidel plavebního provozu pro plující plavidlo stav, při kterém plavidlo stojí ve vztahu:	ke břehu.		k jinému plujícímu plavidlu, plovoucímu tělesu nebo plovoucímu zařízení.		k vodnímu proudu.	
13	M	PP1 2015		Světlo, použité v návěstních svítidlech plavidel je ve smyslu pravidel plavebního provozu:	bílé, červené, zelené, žluté a modré.		bílé, červené, zelené, žluté a fialové.		bílé, červené, zelené, žluté a oranžové.	
14	M	PP1 2015		Krátkým zvukem je ve smyslu pravidel plavebního provozu:	zvuk trvající 1 sekundu.		zvuk trvající 1/4 sekundy.		zvuk trvající 4 sekundy.	
15	M	PP1 2015		Dlouhým zvukem je ve smyslu pravidel plavebního provozu:	zvuk trvající 4 sekundy.		zvuk trvající 1/4 sekundy.		zvuk trvající 1 sekundu.	
16	M	PP1 2015		Blikavým světlem je ve smyslu pravidel plavebního provozu přerušované světlo:	s počtem 40 až 60 záblesků za minutu.		s minimálním počtem 90 záblesků za minutu.		s jedním, dvěma nebo třemi záblesky za minutu.	
17	M	PP1 2015		Nocí je ve smyslu pravidel plavebního provozu období:	mezi západem slunce a východem slunce.		které začíná půl hodiny po západu slunce a končí půl hodiny před východem slunce.		od 20,00 h do 4,30 h v létě a dobu od 17,00 h do 7,00 h v zimě.	
18	M	PP1 2015		Dnem je ve smyslu pravidel plavebního provozu období:	mezi východem slunce a západem slunce.		které začíná půl hodiny před východem slunce a končí půl hodiny po západu slunce.		od 4,30 h do 20,00 h v létě a dobu od 7,00 h do 17,00 h v zimě.	
19	M	PP1 2015		Sníženou viditelností jsou ve smyslu pravidel plavebního provozu:	podmínky, při nichž viditelnost omezuje kouřmo, mlha, hustý déšť, sněhová vánice, dým atd.		kouřmo, mlha, hustý déšť a doba mezi západem a východem slunce.		podmínky, pro které není z kormidelny plavidla dostatečný výhled na vodní cestu pro nadrozměrný náklad, atypickou sestavu plavidel apod.	
20	M	PP1 2015		Plavební dráhou je ve smyslu pravidel plavebního provozu část vodní cesty:	kterou mohou plavidla využívat pro plavbu.		se zaručenou šířkou nejméně 20 m a zaručenou hloubkou nejméně 1,80 m.		vymezená největšími hloubkami.	
21	M	PP1 2015		Část vodní cesty, kterou mohou plavidla využívat pro plavbu je ve smyslu pravidel plavebního provozu:	plavební dráha.		sledovaná vodní cesta.		splavný vodní tok.	
22	M	PP1 2015		Vůdce plavidla je ve smyslu zákona o vnitrozemské plavbě osoba:	která vede a je způsobilá vést plavidlo nebo sestavu plavidel v provozu na vodní cestě.		která je vyučena v příslušném oboru vnitrozemské plavby nebo absolvovala odborný kurz.		starší 18 let, obeznámená s technikou plavby plavidla, na kterém pluje a má pro instalovaný výkon lodního stroje potřebné oprávnění.	
23	M	PP1 2015		Vůdce plavidla je ve smyslu zákona o vnitrozemské plavbě povinen být přítomen na plavidle:	jestliže plavidlo pluje.		jestliže plavidlo pluje i stojí.		jestliže plavidlo pluje a při nastupování nebo vystupování cestujících.	
24	M	PP1 2015		Příkazy vůdce sestavy plavidel jsou povinni se řídit:	vůdci plavidel, která jsou součástí sestavy plavidel.		všichni účastníci plavebního provozu.		pouze členové posádky plavidla, které zajišťuje pohyb sestavy.	
25	M	PP1 2015		Příkazy vydávanými vůdcem plavidla k zajištění bezpečnosti a plynulosti plavebního provozu, jsou povinni se řídit:	členové posádky plavidla a další osoby na plavidle.		všechny další osoby na plavidle, pokud nemají vlastního průvodce.		všichni účastníci plavebního provozu.	
26	M	PP1 2015		Nejvyšší povolené hodnoty délky a šířky plavidla a sestavy plavidel pro jednotlivé úseky vodní cesty jsou uvedeny:	v příloze k vyhlášce o pravidlech plavebního provozu.		v zákonu o vnitrozemské plavbě.		ve vyhlášce o vodních cestách, plavebním provozu v přístavech, společné havárii a dopravě nebezpečných věcí.	
27	M	PP1 2015		Nejvyšší povolené hodnoty ponoru plavidla pro jednotlivé úseky vodní cesty jsou uvedeny:	v příloze k vyhlášce o pravidlech plavebního provozu.		v zákonu o vnitrozemské plavbě.		ve vyhlášce správce příslušné vodní cesty nebo přístavu na této vodní cestě.	
28	M	PP1 2015		Nasednutím plavidla se ve smyslu pravidel plavebního provozu rozumí:	plavidlo, které uvázlo na překážce nebo na dně vodní cesty, v důsledku čehož došlo ke ztrátě jeho volného pohybu.		umístění a zajištění plavidla na zařízení lodního výtahu před jeho vytažením na břeh za účelem jeho opravy nebo rekonstrukce.		ukončení nástupu cestujících na osobní loď, která pluje na pravidelné lince nebo v režimu několikadenní plavby.	
29	M	PP1 2015		Plavba samotíží je zakázaná, ale tento zákaz se nevztahuje:	na malá plavidla bez vlastního pohonu nepodléhající evidenci v rejstříku malých plavidel.		na malá plavidla s vlastním pohonem.		na všechna malá plavidla.	
30	M	PP1 2015		Rozmístění nákladu na plavidle:	nesmí ohrožovat stabilitu plavidla nebo pevnost jeho tělesa.		musí odpovídat parametrům vodní cesty a staveb na ní.		stanoví jeho vůdce nejméně 2 dny před vyplutím a zajišťuje jej i v průběhu plavby tak, aby plavba byla plynulá.	
31	M	PP1 2015		Plavidlo určené k přepravě cestujících:	nesmí přepravovat více cestujících, než je na něm povoleno přepravovat.		může přepravovat více cestujících, než kolik je na něm povoleno přepravovat, nepřekročí-li nejvyšší povolený ponor plavidla.		nesmí přepravovat méně cestujících, než je na něm povoleno přepravovat.	
32	M	PP1 2015		Pro řádné ovládání plavidla je třeba zajistit, aby mohla kormidlující osoba v kormidelně:	přijímat příkazy a předávat informace, aby slyšela zvukové signály a měla rozhled všemi směry.		používat rádiovou stanici na předepsané frekvenci.		používat dalekohled a brýle nebo clonu proti oslnění.	
35	M	PP1 2015		Vůdce plavidla je povinen zajistit, aby přes obrys plavidla nevyčnívaly:	předměty, které by mohly být nebezpečím pro jiná plavidla nebo by mohly poškodit plavební zařízení a stavby na vodní cestě.		věci, které by se mohly takovým uložením poškodit.		součásti výstroje nebo nákladu za plavby.	
36	M	PP1 2015		Pokud vypadl předmět z plavidla a může vytvořit plavební překážku nebo ohrozit bezpečnost plavby, je vůdce plavidla povinen:	zajistit jeho odstranění z plavební dráhy.		vyčkat na místě do příjezdu orgánů Státní plavební správy.		učinit o tom záznam v lodním deníku.	
37	M	PP1 2015		Pokud není možné odstranit předmět, který vypadl z plavidla a může vytvořit plavební překážku nebo ohrozit bezpečnost plavby, je vůdce plavidla povinen:	místo viditelně označit, je-li to možné, a neodkladně uvědomit plavební úřad a správce vodní cesty.		zastavit plavbu v obou směrech a vyčkat na místě, dokud plavební úřad překážku neodstraní.		vyzvat Hasičský záchranný sbor České republiky, aby zajistil na vodní cestě plavební značení, než bude překážka odstraněna.	
38	M	PP1 2015		Zjistí-li posádka plavidla neznámou překážku provozu na vodní cestě, je vůdce plavidla povinen:	neodkladně uvědomit plavební úřad a správce vodní cesty a je-li to možné, toto místo viditelně označit.		postarat se o její odstranění z plavební dráhy.		označit toto místo bójkou nebo vlajkou čtvercového tvaru libovolné barvy.	
39	M	PP1 2015		Na vodní cestě je zakázáno:	poškozovat plavební značení a jiná plavební zařízení umístěná na vodní cestě a používat je k vyvazování.		respektovat význam signálních znaků za plavby v podmínkách snížené viditelnosti mlhou, hustým deštěm, sněhovou vánicí nebo v noci.		řídit se signálními znaky, které jsou umístěny na břehu vlevo ve směru plavby plavidla.	
40	M	PP1 2015		Na vodní cestě nebo v její blízkosti je zakázáno umísťovat předměty:	které jsou zaměnitelné s plavebním značením.		které mohou z dálky připomínat siluetu plavidla.		které jsou obtížně odstranitelné.	
41	M	PP1 2015		Vůdce plavidla je povinen uvědomit plavební úřad a správce vodní cesty:	o zjištěných změnách, přemístění nebo poškození plavebního značení nebo poškození stavby na vodní cestě.		že břehový porost brání přehledu při proplouvání oblouky.		o plavidle, které je vyvázáno za plavební značení nebo k zařízení, které není určeno k vyvazování na vodní cestě.	
42	M	PP1 2015		Vůdce plavidla je povinen zabránit úniku látek z plavidla:	které mohou ohrozit bezpečnost a plynulost plavby, ostatní účastníky plavebního provozu nebo uživatele vodní cesty.		které jsou lehčí než voda.		které jsou jedovaté nebo jejichž jediná složka má otravný charakter s výjimkou ropných odpadů smísených s vodou v poměru větším než 1:100.	
43	M	PP1 2015		Hrozí-li osobám na plavidle v případě nehody nebezpečí, vůdce plavidla:	použije všech prostředků, které má k dispozici, pro jejich záchranu.		využije znalostí všech osob na plavidle pro záchranu plavidla, nákladu a zabránění vzniku plavební překážky.		to oznámí nejbližšímu orgánu Státní plavební správy a vodní záchranné službě.	
45	M	PP1 2015		Nasedlo nebo potopilo-li se plavidlo v plavební dráze nebo v její blízkosti a vyžaduje-li to situace:	použije se v co nejkratší době signalizace nasedlého nebo potopeného plavidla a na vhodných místech se upozorní přibližující se plavidla.		dává se signál jedna, dvě nebo tři řady úderů na zvon opakované v intervalech ne delších než 1 minuta.		použije se signalizace plavidla, které pozbylo manévrovací schopnost.	
46	M	PP1 2015		Obsluhu plavební komory uvědomí vůdce plavidla, došlo-li k plavební nehodě:	při proplouvání plavidla plavební komorou.		ve zdrži jezu nad plavební komorou.		mimo dohled obsluhy plavební komory.	
47	M	PP1 2015		Vůdci plavidel jsou povinni se řídit ústními pokyny, které jim dá zaměstnanec:	plavebního úřadu v zájmu zajištění bezpečnosti a plynulosti plavebního provozu, který je jako zaměstnanec plavebního úřadu viditelně označen.		Policie České republiky za účelem zrychlení proplouvání obtížným místem na vodní cestě, jehož plavidlo nese poznávací znaky tohoto úřadu.		Státní plavební správy, Policie České republiky nebo správce vodní cesty nad rámec zákona o vnitrozemské plavbě, který je viditelně označen jako zaměstnanec příslušného úřadu.	
48	M	PP1 2015		Malé plavidlo nepodléhající evidenci nese na vnitřní nebo vnější straně plavidla:	název provozovatele nebo jeho obvyklou zkratku nebo jméno a příjmení nebo název vlastníka plavidla.		jméno, heslo nebo libovolnou značku či zkratku.		název nebo zkratku typu plavidla s římskou číslicí, vyjadřující obsaditelnost plavidla.	
49	M	PP1 2015		Na malém plavidle, evidovaném v plavebním rejstříku malých plavidel, musí být přidělené evidenční označení vyznačeno:	na vnějších stranách obou boků plavidla poblíž přídě, čitelnými nesmazatelnými latinskými písmeny o výšce nejméně 10 cm.		na vnitřní straně plavidla poblíž zádě, čitelnými nesmazatelnými písmeny o výšce nejméně 5 cm.		na vnitřní nebo vnější straně plavidla poblíž středu, čitelnými nesmazatelnými latinskými písmeny o výšce 5 cm až 10 cm.	
50	M	PP1 2015		Malé plavidlo nepodléhající evidenci nese poznávací znaky:	na vnitřní nebo vnější straně plavidla.		na přídi nebo zádi plavidla, na nástavbě nebo na hlavní plachtě.		na lodním tělese a na povinné výstroji plavidla.	
51	M	PP2 2015		Vyžadují-li to podmínky viditelnosti, musí se na plavidle použít:	optická signalizace předepsaná pro provoz v noci i ve dne.		nejméně jeden světlomet v přední části plavidla.		radiolokační zařízení.	
52	M	PP2 2015		Vrcholovým světlem se ve smyslu pravidel plavebního provozu rozumí:	silné bílé světlo svítící nepřerušovaně v obzorovém výseku 225°.		obyčejné bílé světlo svítící nepřerušovaně v obzorovém výseku 135°.		jasné bílé světlo svítící nepřerušovaně v obzorovém výseku 112,5°.	
53	M	PP2 2015		Bočními světly se ve smyslu pravidel plavebního provozu rozumí:	jasné zelené světlo na pravém boku a jasné červené světlo na levém boku plavidla, z nichž každé svítí nepřerušovaně v obzorovém výseku 112,5°.		silné zelené světlo na levém boku a silné červené světlo na pravém boku plavidla, z nichž každé svítí nepřerušovaně v obzorovém výseku 112,5°.		obyčejné zelené světlo a obyčejné červené světlo na bocích plavidla, z nichž každé svítí nepřerušovaně v obzorovém výseku 112,5°.	
54	M	PP2 2015		Záďovým světlem se ve smyslu pravidel plavebního provozu rozumí:	jasné nebo obyčejné bílé světlo, svítící nepřerušovaně v obzorovém výseku 135°.		silné žluté světlo, svítící nepřerušovaně v obzorovém výseku 225°.		obyčejné nebo jasné bílé světlo, svítící nepřerušovaně v obzorovém výseku 112,5°.	
55	M	PP2 2015		Světlem viditelným ze všech stran se ve smyslu pravidel plavebního provozu rozumí:	světlo svítící nepřerušovaně v obzorovém výseku 360°.		světlo svítící nepřerušovaně v obzorovém výseku 225°.		světlo svítící nepřerušovaně v obzorovém výseku 380°.	
56	M	PP2 2015		Rozměry tabulí a vlajek, předepsané v pravidlech plavebního provozu jsou dostatečné pro dobrou viditelnost, mají-li rozměry u malých plavidel:	minimálně 0,6 m x 0,6 m.		minimálně 0,5 m x 0,5 m.		minimálně 0,4 m x 0,4 m.	
57	M	PP2 2015		Balóny a kužele, předepsané v pravidlech plavebního provozu:	mohou být nahrazeny upravenými předměty, které mají při pohledu z dálky stejný tvar.		nesmějí být nahrazovány jinými upravenými předměty.		smějí být nahrazeny předměty, které mají při pohledu z dálky stejnou barvu.	
58	M	PP2 2015		Samostatně plující malé plavidlo s vlastním pohonem, jehož délka přesahuje 7 m, musí nést:	vrcholové světlo, boční světla a záďové světlo.		boční světla a záďové světlo.		obyčejné bílé světlo viditelné ze všech stran.	
59	M	PP2 2015		Samostatně plující malé plavidlo s vlastním pohonem, jehož délka nepřesahuje 7 m, může nést:	pouze jedno obyčejné bílé světlo viditelné ze všech stran.		pouze boční světla a záďové světlo.		bílé světlo viditelné ze všech stran pouze v případě, přibližují-li se jiná plavidla.	
60	M	PP2 2015		Jestliže malé plavidlo vleče nebo vede v bočně svázané sestavě jiné malé plavidlo, musí nést:	vrcholové světlo, boční světla a záďové světlo.		dvě vrcholová světla, boční světla a záďové světlo.		vrcholová světla v počtu vlečených nebo bočně svázaných plavidel, boční světla a záďové světlo.	
61	M	PP2 2015		Vlečené nebo v bočně svázané sestavě vedené malé plavidlo musí nést:	obyčejné bílé světlo viditelné ze všech stran.		boční světla a záďové světlo.		vrcholové a záďové světlo.	
62	M	PP2 2015		Plachetnice, která je malým plavidlem, jejíž délka přesahuje 7 m, musí nést:	boční světla a záďové světlo.		vrcholové světlo, boční světla a záďové světlo.		vrcholové světlo a záďové světlo.	
63	M	PP2 2015		Plachetnice, která je malým plavidlem, jejíž délka nepřesahuje 7 m, musí nést:	obyčejné bílé světlo viditelné ze všech stran, přibližuje-li se jiné plavidlo, musí kromě toho ukazovat druhé obyčejné bílé světlo.		obyčejné bílé světlo viditelné ze všech stran, přibližuje-li se jiné plavidlo.		boční světla sdružená v jedné svítilně a záďové světlo.	
64	M	PP2 2015		Samostatně plující malé plavidlo bez vlastního pohonu a bez plachet musí nést:	obyčejné bílé světlo viditelné ze všech stran.		obyčejné bílé světlo viditelné ze všech stran, přibližuje-li se jiné plavidlo, musí kromě toho ukazovat druhé obyčejné bílé světlo.		dvě obyčejná bílá světla viditelná ze všech stran, umístěná nad sebou.	
65	M	PP2 2015		Malé plavidlo, které ztratilo manévrovací schopnost, musí podle situace v noci signalizovat:	červeným nebo bílým světlem kývajícím se v půlkruhu nebo dvěma červenými světly 1 m nad sebou.		červeným a zeleným světlem pohybujícími se proti sobě ve svislém směru nebo dvěma červenými světly, z nichž jedno je na přídi a jedno na zádi.		jedním, dvěma nebo třemi modrými světly viditelnými ze všech stran, umístěnými na hlavním stěžni.	
66	M	PP2 2015		Malé plavidlo, které pluje pomocí plachet a zároveň používá strojní pohon, musí nést:	černý kužel, jehož vrchol směřuje dolů.		žlutý balón.		bílou vlajku s vodorovným červeným pruhem uprostřed.	
67	M	PP2 2015		Malé plavidlo, které ztratilo manévrovací schopnost, musí podle situace za dne signalizovat:	kýváním červenou vlajkou v půlkruhu nebo dvěma černými balóny umístěnými 1 m nad sebou tak, aby byly viditelné ze všech stran.		kýváním bílou vlajkou v půlkruhu nebo kroužením dvou žlutých balónů.		kýváním černou vlajkou v půlkruhu nebo dvěma bílými balóny umístěnými vedle sebe tak, aby byly viditelné z obou stran plavidla.	
68	M	PP2 2015		Plavidlo mající přednost při proplouvání místy s určeným pořadím proplouvání, musí za dne nést:	červený plamenec umístěný v přední části plavidla.		červenou vlajkou umístěnou na zádi plavidla.		červenou vlajkou s bílým vodorovným pruhem uprostřed umístěnou v přední části plavidla.	
69	M	PP2 2015		Plavidla plavebního úřadu, Policie České republiky, obecní policie, Celní správy České republiky a plavidla složek integrovaného záchranného systému mohou signalizovat:	obyčejným blikavým modrým světlem viditelným ze všech stran.		obyčejným blikavým bílým světlem viditelným ze všech stran.		obyčejným blikavým červeným světlem viditelným ze všech stran.	
70	M	PP2 2015		Plavidlo v nouzi, které potřebuje pomoc, může signalizovat:	kroužením vlajkou nebo jiným obdobným předmětem.		rychlým pohybem rukou v horizontálním směru.		vyvěšením černého balónu ve výšce minimálně 4 m nad ryskou největšího ponoru.	
71	M	PP2 2015		Plavidlo v nouzi, které potřebuje pomoc, může signalizovat:	vlajkou, pod kterou nebo nad kterou je vyvěšen balón nebo předmět podobného tvaru.		dvojitým žlutým kuželem umístěným tak, aby byl viditelný ze všech stran.		vyvěšením modrého kuželu vrcholem dolů.	
72	M	PP2 2015		Plavidlo v nouzi, které potřebuje pomoc, může signalizovat:	kroužením světlem.		vyvěšením vlajky "A" Mezinárodního vlajkového kódu na tom boku plavidla, kde je plavební dráha volná.		zvukovým signálem sestávajícím ze spojení znaků ••• - - - •••(SOS) podle Morseovy abecedy.	
73	M	PP2 2015		Plavidlo v nouzi, které potřebuje pomoc, může signalizovat:	odpalováním světlic nebo pyrotechnických prostředků, které po odpálení vytvářejí tzv. červený déšť a následují v krátkých intervalech.		třemi silnými zelenými světly viditelnými ze všech stran, rozmístěnými do tvaru rovnostranného trojúhelníku na předním stěžni.		černým kouřem zapálené gumy vhozené na hladinu vody.	
74	M	PP2 2015		Plavidlo v nouzi, které potřebuje pomoc, může signalizovat:	světelným signálem sestávajícím ze spojení znaků ••• - - - ••• (SOS) podle Morseovy abecedy.		dvěma světlomety nastavenými vzhůru, jejichž paprsky svírají úhel 90o a na obloze vytvářejí písmeno "X".		vyléváním hořícího dehtu nebo oleje na hladinu vody, po směru proudu.	
75	M	PP2 2015		Plavidlo v nouzi, které potřebuje pomoc, může signalizovat:	světlicemi s padákem nebo pochodněmi s červeným světlem.		pochodněmi se zeleným nebo modrozeleným světlem.		odpalováním světlic nebo pyrotechnických prostředků, které po odpálení vytvářejí tzv. černý déšť.	
76	M	PP2 2015		Plavidlo, které se ocitlo v nouzi a chce požádat o pomoc:	musí opakovat řady úderů na zvon nebo dávat dlouhé zvukové signály.		musí dávat 1 řadu úderů na zvon opakující se v intervalech ne delších než 1 minutu.		musí dávat zvukový signál "řada velmi krátkých zvuků" opakující se v intervalech ne delších než 1 minutu.	
77	M	PP2 2015		Opakované řady úderů na zvon nebo řadu dlouhých zvukových signálů dává:	plavidlo, které se ocitlo v nouzi a chce požádat o pomoc.		plavidlo plující v podmínkách snížené viditelnosti.		převozní loď s předností v plavbě.	
78	M	PP2 2015		Řada úderů na zvon ve smyslu pravidel plavebního provozu trvá:	4 sekundy, může být nahrazena řadou úderů kovu o kov stejné časové délky.		8 sekund, nesmí být nahrazena jiným způsobem.		12 sekund, může být nahrazena jasným blikavým bílým světlem, viditelným ze všech stran, ve stejné časové délce.	
79	M	PP2 2015		Směrem proti proudu" vodní cesty se ve smyslu pravidel plavebního provozu rozumí:	směr k prameni toku.		směr od pramene toku, včetně úseků, kde se při odlivu a přílivu směr proudu mění.		směr od pramene toku.	
80	M	PP2 2015		Vysokorychlostní plavidla a malá plavidla plující mimo výtlačný režim:	ponechají vždy všem ostatním plavidlům dostatek místa, aby mohla pokračovat v plavbě a nemusela přitom měnit směr nebo rychlost plavby.		mají přednost v plavbě před všemi ostatními plavidly, která jim musí ponechat dostatek místa, aby nemusela měnit směr ani rychlost plavby.		ponechají ostatním plavidlům dostatek místa po svém levém boku, případně si od nich vyžádají změnu směru nebo rychlosti plavby.	
81	M	PP2 2015		Plují-li plavidla směry, které vylučují jakékoli nebezpečí kolize:	nemění směr nebo rychlost plavby způsobem, který by mohl nebezpečí kolize přivodit.		musí změnit směr nebo rychlost plavby tak, aby míjení proběhlo levými boky.		mohou směr nebo rychlost plavby změnit pouze plavidla, plující proti proudu.	
82	M	PP2 2015		Plují-li malá plavidla stejného druhu, vyjma plachetnic, takovými směry, že se jejich dráhy kříží, a mohlo by vzniknout nebezpečí kolize:	plavidlo, které má druhé plavidlo na pravém boku, dá tomuto plavidlu přednost v plavbě a vyhne se křížení směrů plavby před jeho přídí.		plavidlo, které má druhé plavidlo na levém boku, dá tomuto plavidlu přednost v plavbě a změní směr plavby vpravo.		plavidlo, které připlouvá z pravého boku, se vyhne, sníží rychlost nebo zastaví.	
84	M	PP2 2015		Kříží-li se dráhy malých plavidel, malá plavidla bez vlastního pohonu a neplující pomocí plachet, uvolní dráhu:	malým plavidlům plujícím pomocí plachet.		všem ostatním malým plavidlům.		plavidlům s vlastním pohonem.	
85	M	PP2 2015		Před vplutím do nepřehledné úžiny dá plavidlo zvukový signál:	jeden dlouhý zvuk, je-li úžina dlouhá, musí tento zvukový signál při proplouvání úžinou opakovat.		jednu řadu úderů na zvon nebo kovu o kov, je-li úžina dlouhá, musí tento zvukový signál při proplouvání úžinou opakovat.		řada velmi krátkých zvuků, je-li úžina dlouhá, musí tento zvukový signál při proplouvání úžinou opakovat v intervalech ne delších než 1 minuta.	
86	M	PP2 2015		Před vplutím do nepřehledné úžiny dá plavidlo zvukový signál:	jeden dlouhý zvuk, je-li úžina dlouhá, musí tento zvukový signál při proplouvání úžinou opakovat.		dva dlouhé zvuky, které musí opakovat v intervalech ne delších než 1 minuta.		tři dlouhé zvuky, pozoruje-li v protisměru plavidlo, musí tento zvukový signál opakovat, než plavidlo plující v protisměru odpoví signálem "tři krátké zvuky".	
87	M	PP2 2015		Jestliže vůdce plavidla plujícího proti proudu zjistí, že plavidlo plující po proudu vplouvá do úžiny:	zůstane stát pod úžinou a vyčká, až plavidlo po proudu úžinou propluje.		vpluje do úžiny a propluje jí jí v co možná nejkratší době.		vpluje do úžiny, při potkávání s jiným plavidlem dá signál "řada velmi krátkých zvuků".	
88	M	PP2 2015		Je-li potkávání v úžině nevyhnutelné, vůdci plavidel učiní veškerá opatření k tomu:	aby k potkávání došlo na vhodném místě a za takových podmínek, které představují nejmenší nebezpečí.		aby mohlo plavidlo plující proti proudu z úžiny vycouvat.		aby se mohla plavidla potkat levými boky.	
89	M	PP2 2015		Zpozoruje-li vůdce plavidla, že by mohlo hrozit nebezpečí kolize, signalizuje:	řadou velmi krátkých zvuků.		řadou krátkých zvuků.		řadou dlouhých zvuků.	
90	M	PP2 2015		Předjíždění je možné až poté, co se předjíždějící přesvědčil o tom, že:	s předjížděním není spojeno nebezpečí.		předjíždějící plavidlo je rychlejší než plavidlo předjížděné.		předjížděné plavidlo pluje pomaleji než plavidlo předjíždějící.	
91	M	PP2 2015		Předjížděné malé plavidlo podle plavební situace umožní a usnadní předjíždění:	a přiměřeně sníží rychlost plavby, aby předjíždění proběhlo bez nebezpečí a dostatečně rychle a nenarušilo plavbu ostatních plavidel.		a sníží rychlost plavby, zastaví nebo zůstane stát při břehu, aby předjíždění proběhlo dostatečně rychle.		a přepluje co nejblíže k pravému břehu, aby vytvořilo předjíždějícímu plavidlu dostatek místa při levém břehu a byla tak zachována bezpečnost a náležitý pořádek v plavbě.	
92	M	PP2 2015		Předjíždějící plavidlo míjí předjížděné plavidlo zpravidla po jeho levém boku:	není-li s předjížděním spojeno nebezpečí kolize, může být předjíždění uskutečněno i po pravé straně předjížděného plavidla.		předjíždění po pravém boku předjížděného plavidla je zakázáno.		pouze v pravotočivém oblouku může být předjíždění uskutečněno po pravé straně předjížděného plavidla.	
93	M	PP2 2015		Při předjíždění malých plavidel plachetnicí, umožní předjížděná plavidla předjetí:	po své návětrné straně.		po své závětrné straně.		po svém pravém boku.	
94	M	PP2 2015		Signál "pět krátkých zvuků" daný plavidlem, které není malým, znamená:	předjíždění, s ohledem na možnost nebezpečí kolize, nelze uskutečnit.		mám v úmyslu provést obrat doprava.		stroj má zpětný chod.	
95	M	PP2 2015		V úseku s přikázaným směrem plavby, plavidla:	plující proti proudu sníží rychlost a případně zastaví, aby umožnila plavidlům plujícím po proudu bezpečně proplout.		plující po proudu zvýší rychlost plavby tak, aby nedonutila plavidla plující proti proudu snížit rychlost nebo zastavit.		plující v obou směrech plavby zvýší nebo sníží rychlost plavby a případně zastaví, aby neohrozila bezpečnost plavby plavidla plujícího v protisměru.	
96	M	PP2 2015		Plavidlo může provést obrat až poté, co se jeho vůdce ujistil, že pohyb ostatních plavidel mu umožňuje provést obrat bez nebezpečí:	a že ostatní plavidla tím nebudou přinucena změnit náhle směr nebo rychlost plavby.		přestože ostatní plavidla budou muset změnit směr nebo snížit rychlost plavby.		protože vůdci ostatních plavidel jsou povinni upravit směr a rychlost plavby nebo zastavit.	
97	M	PP2 2015		Plavidlo, které není malým, hodlající provést obrat doprava, na svůj záměr včas upozorní signálem:	jeden dlouhý zvuk, za kterým následuje jeden krátký zvuk.		dva dlouhé zvuky, za kterými následuje jeden krátký zvuk.		dva krátké zvuky, za kterými následuje jeden dlouhý zvuk.	
98	M	PP2 2015		Plavidlo, které není malým, hodlající provést obrat doleva, musí na svůj záměr upozornit včas signálem:	jeden dlouhý zvuk, za kterým následují dva krátké zvuky.		dva dlouhé zvuky, za kterými následují dva krátké zvuky.		dva dlouhé zvuky, za kterými následuje jeden krátký zvuk.	
99	M	PP2 2015		Plavidla mohou plout vedle sebe:	jen je-li k tomu dostatečný prostor a nevytvoří-li se tím překážka nebo nebezpečí pro plavbu.		jen pokud jim to umožní plavební značení, přičemž ostatní plavidla musí dbát, aby neomezila ani neohrozila tento způsob plavby.		jen pokud je mezi plavidly plovoucí odrazník, který musí být plovoucí, aby se předešlo poškození boků plavidel.	
100	M	PP2 2015		Nese-li plavidlo více než jedno modré světlo nebo více než jeden modrý kužel vrcholem dolů a nejedná se o předjíždění nebo potkávání, je třeba plout ve vzdálenosti:	více než 50 m od tohoto plavidla.		více než 25 m od tohoto plavidla.		více než 10 m od tohoto plavidla.	
101	M	PP2 2015		Přibližovat se k boku plavidla, které pluje, vyvazovat se na ně nebo plout těsně za ním lze jen:	s výslovným souhlasem jeho vůdce.		s povolením plavebního úřadu.		pokud je plavební dráha dostatečně široká.	
102	M	PP2 2015		Aby se zabránilo škodám na stojících nebo plujících plavidlech nebo na stavbách na vodní cestě, musí plavidlo:	upravit rychlost plavby tak, aby nevznikalo nadměrné vlnobití nebo sání.		vypnout chod motorů a bezpečně proplout setrvačností co nejdále od těchto plavidel nebo staveb.		snížit rychlost plavby, která nesmí být vyšší než 5 km/hodinu vůči těmto plavidlům nebo stavbám.	
103	M	PP2 2015		Plavidlo sníží včas rychlost své plavby tak, aby nevznikalo nadměrné vlnobití nebo sání:	před vjezdem do přístavu		při proplouvání mostním polem.		při předjíždění ostatních plavidel.	
104	M	PP2 2015		Plavidlo sníží rychlost své plavby tak, aby nevznikalo nadměrné vlnobití nebo sání:	v blízkosti plavidel vyvázaných ke břehu nebo k přístavním můstkům a v blízkosti plavidel, která se nakládají nebo vykládají.		v blízkosti plavidel plujících samotíží.		v blízkosti vyhrazených ploch pro vodní lyžování.	
105	M	PP2 2015		Plavidlo sníží rychlost své plavby tak, aby nevznikalo nadměrné vlnobití nebo sání:	v blízkosti plavidel, která stojí na obvyklých stanovištích.		v blízkosti převozních lodí, které plují volně.		v plochách, která jsou vyhrazena pro vodní lyžování.	
106	M	PP2 2015		Plavidla upraví rychlost své plavby tak, aby nevznikalo nadměrné vlnobití nebo sání:	v blízkosti převozních lodí, které neplují volně.		v blízkosti mostů nebo lávek přes vodní cestu.		v blízkosti podélných nebo příčných hrázek regulace vodní cesty.	
107	M	PP2 2015		Blokuje-li lano převozní lodě plavební dráhu:	mohou připlouvající plavidla přiměřeně včas požádat o uvolnění plavební dráhy zvukovým signálem "jeden dlouhý zvuk".		musí připlouvající plavidla včas zastavit a zůstat stát tak dlouho, dokud plavební dráha nebude volná a převozní loď nedá zvukový signál "jeden dlouhý zvuk".		nesmějí připlouvající plavidla používat akustické signalizace, aby si tím vynutila uvolnění plavební dráhy.	
108	M	PP2 2015		Jsou-li některá mostní pole označena jedním nebo několika červenými světly nebo červenými tabulemi s vodorovným bílým pruhem uprostřed, je proplutí těmito mostními poli:	zakázáno.		zakázáno, zákaz se nevztahuje na malá plavidla.		zakázáno, zákaz se nevztahuje na malá plavidla bez vlastního pohonu a bez plachet.	
109	M	PP2 2015		Jsou-li některá mostní pole označena nad profilem jednou nebo dvěma žlutými tabulemi:	proplouvá se přednostně těmito mostními poli.		musí se proplouvat těmito mostními poli.		proplouvat těmito mostními poli je zakázáno.	
110	M	PP2 2015		V blízkosti pohyblivých mostů je předjíždění možné:	jen na zvláštní pokyn obsluhy mostu.		až po otevření mostu pro proplutí.		je-li pro předjíždění dostatečná šířka mostního pole.	
111	M	PP2 2015		Neproplavují-li se malá plavidla společně s plavidly, která nejsou malými, proplavení probíhá v pořadí:	v jakém plavidla připlula do míst určených pro čekání plavidel.		jaké určí obsluha plavební komory.		v jakém se plavidla ohlásila obsluze plavební komory.	
112	M	PP2 2015		Vplouvání do plavebních komor se řídí:	ve dne i v noci optickými signály, osazenými na jedné nebo na obou stranách plavební komory.		ve dne i v noci pomocí radiotelefonního spojení.		ve dne optickými signály osazenými alespoň na jedné straně plavební komory a v noci pomocí radiotelefonního spojení.	
113	M	PP2 2015		Dvě červená světla nad sebou, osazená na jedné nebo na obou stranách plavební komory znamená, že:	vplutí není možné, plavební komora není v provozu.		vplutí není možné, připravuje se otevření plavební komory.		vplutí není možné, bude proplaveno plavidlo s předností v plavbě.	
114	M	PP2 2015		Jedno červené nebo dvě červená světla vedle sebe, osazená na jedné nebo na obou stranách plavební komory znamená, že:	vplutí není možné, plavební komora je zavřena.		vplutí do plavební komory je možné pouze na vlastní nebezpečí.		vplutí není možné, plavební komora není v provozu.	
115	M	PP2 2015		Jedno červené a jedno zelené světlo vedle sebe osazené na jedné nebo obou stranách plavební komory znamená, že:	vplutí není možné, připravuje se otevření plavební komory.		vplutí je možné, plavební komora je připravena k proplavování.		proplavování plavební komorou je omezeno, proplaví se jenom jedno plavidlo.	
116	M	PP2 2015		Jedno zelené světlo nebo dvě zelená světla vedle sebe osazená na jedné nebo obou stranách plavební komory znamená, že:	vplutí je možné.		vplutí je omezeno, v plavební komoře je překážka.		vplutí není možné, připravuje se otevření plavební komory.	
117	M	PP2 2015		Plavidlo vybavené zařízením pro radiotelefonní spojení, v obvodech plavebních komor a v plavebních komorách:	zajistí poslech na kmitočtovém kanálu vyhrazeném pro danou plavební komoru.		vypne tuto stanici, aby nemohlo dojít k rušení v radiotelefonní síti dané plavební komory.		přeladí na kmitočtový kanál pro tísňové volání a je na příjmu po celou dobu proplavování.	
118	M	PP2 2015		Jedno nebo dvě červená světla osazená na plavební komoře, při vyplouvání znamená, že:	vyplutí není možné.		vyplutí není možné, výjimku ze zákazu může povolit obsluha plavební komory.		vyplutí není možné, jsou-li však vrata plavební komory již pootevřena, smějí vyplout malá plavidla.	
119	M	PP2 2015		Proplavují-li se malá plavidla společně s plavidly, která nejsou malými:	vplují do plavební komory až po těchto plavidlech.		vplují do plavební komory před těmito plavidly.		vplují do plavební komory v pořadí, ve kterém připlula do míst určených pro čekání plavidel.	
120	M	PP2 2015		Při připlouvání do obvodů plavebních komor a v místech určených pro čekání plavidel nelze:	předjíždět.		se potkávat.		se potkávat a předjíždět.	
121	M	PP2 2015		Není-li plavební komora osazena signálními světly nebo nejsou-li tato světla funkční:	nelze vplout do plavební komory nebo vyplout z ní bez pokynu obsluhy plavební komory.		lze vplout do plavební komory a vyplout z ní jen s největší opatrností.		je vplutí do plavební komory a vyplutí z ní možné, nejsou-li v obvodu plavební komory zjevné překážky.	
122	M	PP2 2015		Kotvy plavidel musí být zdviženy:	úplně v plavebních komorách, ale i v místech určených pro čekání u plavebních komor, pokud nejsou použity k zakotvení plavidel.		do úrovně hladiny vody v plavebních komorách a v místech určených pro čekání u plavebních komor, aby je bylo možno v případě potřeby snadno použít.		pokud nejsou použity k zakotvení v plavební komoře nebo v místě pro čekání u plavebních komor.	
123	M	PP2 2015		Při vplouvání do plavebních komor plavidla:	sníží rychlost tak, aby nedošlo k nárazu do vrat nebo ochranných zařízení nebo do jiných plavidel.		vplouvají a vyvazují se tak rychle, aby nezdržovala ostatní plavidla vplouvající do plavební komory.		plují nejnižší povolenou rychlostí, která je pro plavbu v obvodu plavebních komor stanovena na 3 km/h.	
124	M	PP2 2015		Jsou-li na zdech plavební komory vyznačené meze vyznačených stání:	stojí plavidla v mezích těchto stání.		udržují se plavidla v mezích těchto stání, pokud jim to práce s lany v plavební komoře dovolí.		smějí vyznačené meze přesahovat jenom plavidla, která jsou proplavována z horní vody.	
125	M	PP2 2015		Použití odrazníků v plavební komoře:	je nezbytné, jsou-li odrazníky použité na plavidle snímatelné, musí být plovoucí.		není na plavidle třeba.		je na plavidle zakázáno, pokud jsou plovoucí.	
126	M	PP2 2015		Malá plavidla v plavebních komorách:	udržují bezpečný odstup od ostatních plavidel.		zachovávají vzdálenost nejméně 5 m od ostatních plavidel.		zajišťují boční odstup od stěn plavebních komor pomocí háčků nebo okovaných bidel.	
127	M	PP2 2015		Přednost při proplavení plavební komorou mají plavidla:	která signalizují modrým blikavým světlem, viditelným ze všech stran.		která signalizují žlutým světlem, viditelným ze všech stran.		která nesou modré světlo, viditelné ze všech stran.	
128	M	PP2 2015		Přednost při proplavení plavební komorou mají plavidla, která nesou:	na přídi červený plamenec.		na stěžni modrý kužel vrcholem dolů.		tuhou maketu vlajky "A" Mezinárodního vlajkového kódu.	
129	M	PP2 2015		Při plavbě za snížené viditelnosti plavidlo:	přizpůsobí rychlost plavby stavu viditelnosti, místním podmínkám a provozu ostatních plavidel.		zvýší rychlost plavby tak, aby v co nejkratším čase doplulo do nejbližšího přístavu.		musí po svém pravém boku ponechat dostatek místa pro případné potkávání.	
130	M	PP2 2015		Při zastavení z důvodu snížené viditelnosti:	ponechá plavidlo plavební dráhu podle možnosti volnou.		opakuje plavidlo řady úderů na zvon.		nesmějí být na plavidle cestující.	
131	M	PP2 2015		Malé plavidlo plující za snížené viditelnosti:	má nastavenou rádiovou stanici na kmitočtovém kanálu pro spojení mezi plavidly.		nesmí používat rádiovou stanici.		nemusí být rádiovou stanicí vybaveno.	
132	M	PP2 2015		Dostane-li se malé plavidlo za plavby do podmínek snížené viditelnosti, při které nelze rozeznat jiná plavidla, zejména při mlze, a pluje bez pomocí radiolokátoru:	může při zachování zvláštní pozornosti doplout na nejbližší vhodné místo pro bezpečné stání.		může pokračovat v plavbě bez zvláštních omezení.		musí zůstat stát u pravého břehu.	
133	M	PP2 2015		Malé plavidlo plující za snížené viditelnosti bez pomoci radiolokátoru dává signál:	jeden dlouhý zvuk, opakující se v intervalech ne delších než jedna minuta.		jeden dlouhý zvuk mezi dvěma krátkými zvuky, tento signál se opakuje v intervalu delším než 1 minuta.		jeden krátký zvuk, který opakuje v minutových intervalech	
134	M	PP2 2015		Provozovat vodní lyžování a obdobné činnosti provozované ve vleku za plavidlem je:	zakázáno v noci nebo za snížené viditelnosti.		povoleno ve dne nebo v noci při dobrém osvětlení.		povoleno v noci, ale zakázáno při snížené viditelnosti.	
135	M	PP2 2015		S vůdcem plavidla, které vleče lyžaře, musí být přítomna na palubě osoba, která je:	schopna obsluhovat vlečné zařízení a sledovat lyžaře.		oprávněna předávat vůdci plavidla pokyny lyžaře.		rovněž vůdcem plavidla a zároveň je držitelem průkazu vodního lyžaře.	
136	M	PP2 2015		Plavidlo vlekoucí vodního lyžaře se smí pohybovat:	jen ve vymezené vodní ploše určené a vyznačené pro vodní lyžování.		v úsecích vodních cest, určených a vyznačených pro vodní sporty.		pouze v plavební dráze, vyznačené pro provozování plavby.	
137	M	PP2 2015		Vlečné lano při vodním lyžování nesmí být vlečeno za plavidlem:	pokud se ho nedrží vodní lyžař.		není-li toto lano plovoucí.		jestliže délka lana přesahuje 10 m.	
138	M	PP2 2015		Od plavidla, které zajišťuje činnost pod vodní hladinou a signalizuje tuhou maketou vlajky "A", musejí všechna plavidla zachovávat bezpečnou vzdálenost:	alespoň 50 m.		25 m.		více než 10 m.	
139	M	PP2 2015		Plavidla stojí tak blízko břehu, jak jim to dovoluje:	jejich ponor a místní podmínky, vždy však tak, aby nepřekážela proplouvání jiných plavidel.		jejich šířka, ale aby zejména mezi břehem a plavidlem nebyla s ohledem na provoz ostatních plavidel bezpečnostní vzdálenost větší než 3 m.		délka přechodové lávky, zvláště pak s ohledem na bezpečnost posádky a ostatních osob na plavidle ve vztahu k jejímu sklonu.	
140	M	PP2 2015		Stojící plavidla kotví nebo se vyvazují tak:	aby nemohla změnit svoji polohu a ohrozit tím jiná plavidla nebo jim překážet.		aby způsob zakotvení nebo vyvázání odpovídal postupu, vyznačeném na příslušném plavebním znaku.		aby jejich přídě směřovaly vždy proti proudu a na plavidlo byl zajištěn bezpečný přechod po přechodové lávce.	
141	M	PP2 2015		Pod mosty a pod elektrickým vedením vysokého napětí:	plavidla nesmí stát.		nesmí stát plavidla, která nejsou malými.		nesmí plavidla stát, pokud je šířka plavební dráhy zúžena mostními pilíři nebo stožáry vysokého napětí.	
142	M	PP2 2015		Ve vjezdech do přítoků a výjezdech z nich a ve vjezdech do přístavů:	plavidla nesmí stát.		nesmí stát plavidla, která nejsou malými.		nesmí plavidla, kromě plavidel bez vlastního pohonu a plachetnic, stát.	
143	M	PP2 2015		V úsecích vyznačených obratišť nesmí stát:	všechna plavidla.		plavidla s vlastním pohonem.		kromě malých plavidel, všechna ostatní plavidla.	
144	M	PP2 2015		V úsecích vodních cest, kde je stání na kotvě zakázáno signálním znakem zákaz kotvení:	nesmějí plavidla kotvit na té straně vodní cesty, na které je tento znak umístěn.		nesmějí plavidla kotvit ani na protilehlé straně, než je tento znak umístěn.		mohou plavidla zakotvit teprve po té, kdy rychlost plavby byla znatelně zpomalena zpětným chodem strojního pohonu.	
145	M	PP2 2015		V úsecích vodních cest, kde je vyvazování zakázáno signálním znakem zákaz vyvazování ke břehu:	nesmějí se plavidla vyvazovat na té straně vodní cesty, na které je tento znak umístěn.		nesmějí se plavidla vyvazovat ani na protilehlé straně, než je tento znak umístěn.		se nesmějí vyvazovat pouze plavidla s větším ponorem než je v tomto úseku povolen.	
146	M	PP2 2015		Pro vyvazování nebo uvolňování nasedlých plavidel se nepoužívají:	předměty, které neumožňují dostatečně pevné zajištění plavidla, zejména stromy, zábradlí, sloupy, pilíře, patníky, žebříky nebo svodidla.		zejména stromy, zábradlí, sloupy, pilíře nebo patníky, pokud se před uvázáním lana neochrání obložením, obalením nebo vyztužením.		stromy, zábradlí, sloupy, pilíře, patníky, žebříky nebo svodidla, jen je-li břeh vybaven dostatečně pevným vyvazovacím zařízením.	
147	M	PP2 2015		Stromy, zábradlí, sloupy, pilíře, patníky, žebříky nebo svodidla se nepoužívají pro:	vyvazování nebo uvolňování nasedlých plavidel.		vyvazování plavidel, lze je v případě potřeby využít pro uvolňování nasedlých plavidel.		uvolňování nasedlých plavidel, lze je však využít pro vyvazování malých plavidel.	
148	M	PP2 2015		V místech stání označených signálním znakem "povolené stání", mohou plavidla stát:	jen na té straně vodní cesty, na které je tento znak umístěn.		i na protilehlé straně, než je tento znak umístěn.		v celé šířce plavební dráhy.	
149	M	PP2 2015		Od plavidla, které za stání nese dva modré kužele vrcholy dolů nebo dvě modrá světla, smí malé plavidlo stát:	v minimální vzdálenosti 50 m.		ve vzdálenosti 25 m a více.		ve vzdálenosti asi 10 m.	
150	M	PP2 2015		Od plavidla, které za stání nese jeden modrý kužel vrcholem dolů nebo jedno modré světlo, smí malé plavidlo stát:	v minimální vzdálenosti 10 m.		ve vzdálenosti větší než 5 m.		u boku takového plavidla, pro malé plavidlo se minimální vzdálenost nestanoví.	
151	M	PP2 2015		Od plavidla, které za stání nese tři modré kužele vrcholy dolů nebo tři modrá světla, smí malé plavidlo stát v minimální vzdálenosti:	100 m.		50 m.		10 m.	
152	M	PP2 2015		K vlečení, tlačení nebo vedení malých plavidel v bočně svázané sestavě se použije:	plavidlo, s takovým výkonem strojů, aby byla zajištěna náležitá manévrovací schopnost sestavy.		malé plavidlo s výkonem motoru nejméně 110 kW, schopné sestavu zastavit i po proudu.		malé plavidlo s tříčlennou posádkou, aby mohla být sestava bezpečně proplavena i plavební komorou.	
153	M	PP2 2015		Aby obsazení plavidla cestujícími nebo zatížení plavidla nákladem a jeho rozmístění na plavidle neohrožovalo bezpečnou plavbu, je povinen zajistit:	vůdce malého plavidla.		vlastník malého plavidla nebo jeho provozovatel.		každý člen posádky malého plavidla.	
154	M	PP2 2015		Malé plavidlo bez vlastního pohonu nebo plachetnice obepluje koupající se osobu:	ve vzdálenosti alespoň 3 m.		ve vzdálenosti alespoň 10 m.		ve vzdálenosti alespoň 50 m.	
155	M	PP2 2015		Malé plavidlo přibližující se ke koupající se osobě tuto osobu obepluje v bezpečné vzdálenosti a pokud možno tak:	aby koupající se zůstal mezi malým plavidlem a nejbližším břehem.		aby malé plavidlo zůstalo mezi koupajícím se a nejbližším břehem.		aby břeh zůstal po pravém a koupající se po levém boku plavidla.	
156	M	PP2 2015		Malé plavidlo s vlastním pohonem obepluje koupající se osobu ve vzdálenosti alespoň:	10 m.		50 m.		3 m	
157	M	PP2 2015		Malá plavidla při křížení směru plavby jiným než malým plavidlům, udržují vždy bezpečnou vzdálenost:	odpovídající nejméně dvojnásobku délky těchto plavidel.		která je nejméně 200 m.		alespoň to 50 m před plavidly plujícími proti proudu a 250 m před plavidly plujícími po proudu.	
158	M	PP2 2015		Malé plavidlo musí udržovat od zádě plavidla, které nese v noci na stěžni tři zelená světla rozmístěná do tvaru trojúhelníku, bezpečnou vzdálenost:	alespoň 1000 m.		nejméně 100 m.		10 m.	
159	M	PP2 2015		Malé plavidlo musí udržovat od plavidla, které nese za dne na stěžni černý balón, pod ním černý dvojitý kužel a pod ním černý balón, bezpečnou vzdálenost:	alespoň 50 m.		nejméně 10 m.		1 000 m.	
160	M	PP2 2015		Plavbu, při níž dochází k objíždění řady uměle vytvořených překážek, ke skokům nad vodní hladinou nebo k provádění jiných akrobatických činností nebo k rychlostní plavbě, lze provozovat:	ve vymezené části vodní cesty plavebním značením.		jenom na vodních cestách s omezeným plavebním provozem.		na všech nesledovaných vodních cestách.	
161	M	PP2 2015		Je-li u vymezené vodní plochy pro vodní lyžování signalizováno vytažením žlutého balónu:	je vodní plocha právě využívaná vodními lyžaři a vplouvat do této plochy je zakázáno plavidlům, k jejichž provozu nebyla určená.		vodní plocha není využívaná vodními lyžaři, lze jí proplouvat.		na vymezené vodní ploše je již překročen nejvyšší povolený počet plavidel, vplutí dalším plavidlům je zakázáno.	
162	M	PP2 2015		Před dosažením vodního stavu ohrožujícího bezpečnost plavby, je vůdce plavidla povinen:	umístit plavidlo do přístavu s ochrannou funkcí nebo chráněného místa.		řádně plavidlo zakotvit nebo vyvázat v přístavu nebo v přístavišti a pravidelně sledovat vývoj vodních stavů.		upravit rychlost své plavby tak, aby do 6 hodin od vyhlášení zastavení plavby, doplul na nejbližší bezpečné místo.	
163	M	PP2 2015		Plavidla musí být na přehradních zdržích vytažena na břeh nad kótu nejvyššího vzdutí nebo na vhodná místa, umožňující převazování plavidel:	před zimním obdobím.		v období, kdy vydatný déšť trvá déle než sedm dnů.		pokud nemůže být plavidlo pod dohledem.	
164	M	PP2 2015		Není-li malé plavidlo s vlastním strojním pohonem vybaveno zařízením k měření rychlosti, tam kde jsou stanoveny nejvyšší povolené rychlosti plavby:	smí plout pouze rychlostí, odpovídající výtlačnému režimu plavby.		nesmí plout.		může být jenom vlečeno, tlačeno nebo vedeno v bočně svázané sestavě.	
165	M	PP2 2015		Na sledované vodní cestě je koupání a potápění zakázáno:	do vzdálenosti 100 m od mostu, přístaviště nebo překladiště.		do vzdálenosti 150 m na obě strany od mostu, přístavního můstku veřejné lodní dopravy nebo překladiště.		200 m od mostu, 150 m od přístavního můstku a 100 m od překladiště.	
166	M	PP2 2015		Koupání a potápění je zakázáno:	v plavební komoře a ve vodní ploše nad a pod plavební komorou až k místu, kde končí zařízení k vyvazování plavidel pro čekání na proplavení, nebo v plavebních kanálech.		v plavební komoře, v blízkosti jezu a na přehradní nádrži s provozem plavidel, která nejsou malými.		všude tam, kde není koupání a potápění povoleno signálním znakem koupání a potápění povoleno.	
167	M	PP2 2015		Plavidlo, jehož délka je menší než 20 m, je na něm povoleno přepravovat více než 12 cestujících, a pluje s cestujícími na palubě:	se nepoužije v tlačné, vlečné nebo bočně svázané sestavě.		nese v noci žluté světlo a ve dne žlutý kužel tak vysoko, aby byly viditelné ze všech stran.		má přednost při proplouvání plavební komorou a jinými místy s řízeným provozem.	
168	M	PP2 2015		Pravidla o proplouvání plavebními komorami platí v celém obvodu plavební komory:	až k místům, kde končí zařízení k vyvazování plavidel pro čekání na proplavení.		až k hlavě dělicí hráze nebo dělicí zdi, která odděluje plavební kanál od vodního toku.		až k místu, kde končí kanalizovaný úsek a začíná regulovaný úsek sledované vodní cesty.	
169	M	PP2 2015		Plavební komora nesmí být použita ke stání plavidla:	přes noc nebo na delší dobu.		přes den nebo na delší dobu, v noci pak může být použita ke stání plavidla jen se souhlasem obsluhy plavební komory.		pokud není toho dne ještě ukončen plavební provoz.	
170	M	PP2 2015		Výstup a nástup cestujících na plavidlo v plavební komoře je možný:	jen se souhlasem obsluhy plavební komory.		jen s vědomím vůdce plavidla a po jeho pokynu.		jen v naléhavých případech.	
171	M	PP3 2015	211.jpg	Tato signalizační světla nese:	samostatně plující plavidlo s vlastním pohonem.		převozní loď, která nepluje volně.		plavidlo, kterému bylo plavebním úřadem přiznáno oprávnění přednostního proplutí.	
172	M	PP3 2015	221.jpg	Tato signalizační světla nese:	remorkér v čele vlečné sestavy.		námořní plavidlo připlouvající právě z moře nebo vyplouvající na moře.		plavidlo lodivodské služby.	
173	M	PP3 2015	222.jpg	Tento válec nese:	remorkér v čele vlečné sestavy.		vlečené plavidlo delší než 110 m.		plavidlo, které ztratilo manévrovací schopnost.	
174	M	PP3 2015	223.jpg	Tato signalizační světla nese:	každý z remorkérů v čele sestavy vlečené více remorkéry vedle sebe.		plavidlo, které vleče rybářské sítě nebo jiné rybolovné zařízení.		plavidlo vykonávající práci na vodní cestě za plavby.	
175	M	PP3 2015	225.jpg	Toto signalizační světlo nese:	vlečené plavidlo.		vlečené plavidlo delší než 110 m.		převozní plavidlo, které nepluje volně.	
176	M	PP3 2015	226.jpg	Tento balón nese:	vlečené plavidlo nebo plavidla vlečená jedním nebo několika remorkéry.		loďka nebo bóje nesoucí lano převozní lodě.		plavidlo přímo nebo nepřímo vyvázané nebo zakotvené při břehu.	
177	M	PP3 2015	231.jpg	Tato signalizační světla nese:	tlačná sestava.		vlečná sestava.		bočně svázaná sestava.	
178	M	PP3 2015	241.jpg	Tato signalizační světla nese:	bočně svázaná sestava.		tlačná sestava.		vlečná sestava.	
179	M	PP3 2015	251.jpg	Tato signalizační světla může nést:	plachetnice, která není malým plavidlem.		každá plachetnice.		plachetnice, která je malým plavidlem.	
180	M	PP3 2015	261.jpg	Tato signalizační světla nese:	malé plavidlo s vlastním pohonem.		malé plavidlo bez vlastního pohonu.		každé malé plavidlo.	
181	M	PP3 2015	261BA.jpg	Tato signalizační světla nese:	malé plavidlo, které vleče nebo vede v bočně svázané sestavě jiné malé plavidlo.		samostatně plující malé plavidlo s vlastním pohonem, jehož délka nepřesahuje 7 m.		vlečené nebo v bočně svázané sestavě vedené malé plavidlo.	
182	M	PP3 2015	261D.jpg	Toto signalizační světlo nese:	malé plavidlo s vlastním pohonem, jehož délka nepřesahuje 7 m.		každé malé plavidlo s vlastním pohonem.		malé plavidlo, které vleče jiné malé plavidlo.	
183	M	PP3 2015	262.jpg	Toto signalizační světlo nese:	vlečená nebo v bočně svázané sestavě vedená malá plavidla.		pouze vlečená malá plavidla.		převozní loď, která nepluje volně.	
184	M	PP3 2015	263.jpg	Tato signalizační světla nese:	plachetnice, která je malým plavidlem, jejíž délka přesahuje 7 m.		každá plachetnice.		malé plavidlo, plující pomocí plachet a strojního pohonu současně.	
185	M	PP3 2015	263A.jpg	Tato signalizační světla nese:	plachetnice, která je malým plavidlem a jejíž délka přesahuje 7 m.		plachetnice, která je malým plavidlem a jejíž délka nepřesahuje 7 m.		každé plující malé plavidlo.	
186	M	PP3 2015	263B.jpg	Tato signalizační světla nese:	plachetnice, jejíž délka nepřesahuje 7 m.		malé plavidlo plující pomocí plachet a strojního pohonu současně.		plachetnice, která je malým plavidlem, jejíž délka přesahuje 7 m.	
187	M	PP3 2015	264.jpg	Toto signalizační světlo nese:	samostatně plující malé plavidlo, které nemá vlastní pohon ani plachty.		samostatně plující malé plavidlo s vlastním pohonem do výkonu 5,4 kW.		samostatně plující malé plavidlo bez vlastního pohonu s plochou plachet do 10 m2.	
188	M	PP3 2015	265.jpg	Tato signalizační světla nese:	malé plavidlo plující pomocí plachet a strojního pohonu současně.		vlečená nebo v bočně svázané sestavě vedená plachetnice, která je malým plavidlem.		plachetnice, která je malým plavidlem.	
189	M	PP3 2015	266.jpg	Tento kužel nese:	malé plavidlo plující pomocí plachet a strojního pohonu současně.		malé plavidlo stojící na volné vodní ploše.		plachetnice, nepřesahuje-li délku 7 m.	
190	M	PP3 2015	271.jpg	Tento dvojitý kužel nese:	plavidlo, na kterém je povoleno přepravovat více než 12 cestujících a nepřesahuje délku 20 metrů.		plavidlo, které při dezinfekci může ohrozit zdraví a životy lidí.		vlečené plavidlo nebo plavidlo na konci sestavy.	
191	M	PP3 2015	281.jpg	Toto signalizační světlo nese:	plavidlo přepravující nebezpečné věci.		volně plující převozní loď.		plavidlo, na kterém je povoleno přepravovat více než 12 cestujících a nepřesahuje délku 20 metrů.	
192	M	PP3 2015	282.jpg	Tento kužel nese:	plavidlo přepravující nebezpečné věci.		malé plavidlo plující pomocí plachet a strojního pohonu současně.		plavidlo, kterému bylo přiznáno oprávnění přednostního proplutí.	
193	M	PP3 2015	291.jpg	Tato signalizační světla nese:	převozní loď, která nepluje volně.		vlečené plavidlo přepravující nebezpečný náklad.		plavidlo, které ztratilo manévrovací schopnost.	
194	M	PP3 2015	292.jpg	Tento balón nese:	převozní loď, která nepluje volně.		malé plavidlo s vlastním pohonem, jehož délka přesahuje 7 m.		rybářská síť nebo jiné rybolovné zařízení.	
195	M	PP3 2015	293.jpg	Toto signalizační světlo nese:	loďka nebo plovák nesoucí vodící lano převozní lodě.		vyvázané a zakotvené plavidlo, vykonávající práci na vodní cestě.		plavidlo právě zajišťující činnost potápěčů pod vodní hladinou.	
196	M	PP3 2015	294.jpg	Tato signalizační světla nese:	volně plující převozní loď.		tlačná sestava.		plavidlo přepravující nebezpečné věci.	
197	M	PP3 2015	295.jpg	Tento balón nese:	volně plující převozní loď.		plavidlo stojící na volné vodní ploše.		plavidlo přepravující nebezpečné věci.	
198	M	PP3 2015	2101.jpg	Kývání červeným světlem v půlkruhu (na malém plavidle lze bílým světlem), znamená:	plavidlo ztratilo manévrovací schopnost.		plavidlo v nouzi, které potřebuje pomoc.		předjetí není možné s ohledem na ostatní provoz plavidel.	
199	M	PP3 2015	2102.jpg	Kývání červenou vlajkou v půlkruhu znamená:	plavidlo ztratilo manévrovací schopnost.		plavidlo v nouzi, které potřebuje pomoc.		plavidlo, které má oprávnění přednostního proplutí.	
200	M	PP3 2015	2101A.jpg	Tato signalizační světla nese:	plavidlo, které ztratilo manévrovací schopnost.		plavidlo, které přepravuje nebezpečné věci.		volně plující převozní loď, které vyžaduje přednost v plavbě.	
201	M	PP3 2015	2102A.jpg	Tyto balóny nese:	plavidlo, které ztratilo manévrovací schopnost.		plavidlo stojící na volné vodní ploše.		plavidlo zabývající se rybolovem.	
202	M	PP3 2015	2121.jpg	Tento plamenec nese:	plavidlo, které má oprávnění přednostního proplutí.		plavidlo, které přepravuje nebezpečné látky.		plavidlo lodivodské služby.	
203	M	PP3 2015	313.jpg	Tento balón nese:	plavidlo stojící bez přímého nebo nepřímého přístupu na břeh.		plavidlo zajišťující činnost pod vodní hladinou.		plavidlo použité při zneškodňování výbušnin.	
204	M	PP3 2015	351.jpg	Tato signalizační světla nese:	rybářská síť nebo jiné rybolovné zařízení.		speciální síť použitá při zneškodňování výbušnin.		ochranná síť potápěčů při práci pod hladinou vody.	
205	M	PP3 2015	352.jpg	Tuto denní signalizaci nese:	rybářská síť nebo jiné rybolovné zařízení.		síť použitá při zneškodňování výbušnin.		ochranná síť potápěčů při práci pod hladinou vody.	
206	M	PP3 2015	362b.jpg	Tato signalizační světla nese:	plovoucí stroj nebo plavidlo vykonávající práci na vodní cestě na místě a lze je obeplout z obou stran.		volně plující převozní loď stojící na svém stanovišti, která právě ukončila provoz.		plavidlo, které ztratilo manévrovací schopnost, proplutí není možné.	
207	M	PP3 2015	362c.jpg	Tyto denní signalizační znaky nese:	plovoucí stroj nebo plavidlo vykonávající práci na vodní cestě na místě, které lze obeplout z obou stran.		převozní loď, která nepluje volně a stojí na svém stanovišti.		plavidlo, které ztratilo manévrovací schopnost a lze je obeplout po straně, kde spuštěná kotva nevytváří překážku v plavbě.	
208	M	PP3 2015	362.jpg	Tyto denní signalizační znaky nese:	plovoucí stroj nebo plavidlo vykonávající práci na vodní cestě, které lze obeplout po jedné straně.		plavidlo, které ztratilo manévrovací schopnost.		plavidlo, které má omezenou možnost manévrování a vyžaduje přistání pomocného plavidla k levému boku.	
209	M	PP3 2015	364b.jpg	Tyto vlajky nebo tabule nese:	plovoucí stroj nebo plavidlo vykonávající práci na vodní cestě nebo nasedlé či potopené plavidlo, které lze obeplout, ale vyžaduje ochranu před vlnobitím.		plavidlo vykonávající sondážní či měřící operace na místě nebo plavidlo při rybolovu, která nelze obeplout.		plavidlo, které vleče kotvy lana nebo řetězy a vyžaduje ochranu před sáním a vlnobitím plavidel.	
210	M	PP3 2015	364.jpg	Tyto vlajky nebo tabule nese:	plovoucí stroj nebo plavidlo vykonávající práci na vodní cestě nebo nasedlé či potopené plavidlo, které lze obeplout po jedné straně, ale vyžadují ochranu před vlnobitím.		plovoucí stroj nebo plavidlo vykonávající práci na vodní cestě nebo provádějící sondážní či měřicí operace, znemožňující proplutí ostatních plavidel.		plavidlo při rybolovu, které vleče rybářské sítě nebo jiná rybolovná zařízení a které je možné obeplout z pravé strany.	
211	M	PP3 2015	371A.jpg	Tato signalizační světla nese:	plovoucí těleso nebo plovoucí zařízení, jehož vhozené kotvy mohou vytvářet nebezpečí pro plavbu.		každé zakotvené plavidlo, plovoucí těleso nebo plovoucí zařízení.		jenom plavidlo zajišťující činnost pod vodní hladinou.	
212	M	PP3 2015	372.jpg	Tento žlutý plovák nebo bóji s radarovým odražečem nesou:	kotvy plavidel, které mohou vytvářet nebezpečí pro plavbu.		kotvy použité k zakotvení plavidel.		všechny kotvy plavidel.	
213	M	PP3 2015	432.jpg	Toto signalizační světlo nese:	plavidlo plavebního úřadu, Policie ČR, obecní policie, Celní správy a plavidlo složek integrovaného záchranného systému.		plavidlo přepravující nebezpečné věci, vyžadující zvláštní pozornost v plavbě.		plavidlo, které poskytuje technickou pomoc jiným plavidlům nebo plavidlo, které vykonává práci na vodní cestě za plavby.	
214	M	PP3 2015	45.jpg	Tento signalizační znak umístěný na plavidle znamená:	zákaz bočního stání plavidel, ve vzdálenosti vyznačené na znaku v metrech.		zákaz stání jiných plavidel, ve vzdálenosti vyznačené na znaku v metrech.		zákaz stání před přídí a zádí plavidla všech malých plavidel, ve vzdálenosti vyznačené na znaku v metrech.	
215	M	PP3 2015	46.jpg	Tato signalizační světla nese:	plavidlo, které je vážně poškozeno nebo se účastní záchranných prací, ztratilo manévrovací schopnost nebo má povolení plavebního úřadu.		malé plavidlo, stojí-li mimo přístav, vyhrazené přístaviště nebo kotviště.		každé plavidlo, které pro povahu své činnosti nebo druh nákladu musí být chráněno před kolísáním vodní hadiny.	
216	M	PP3 2015	46A.jpg	Tuto tabuli může použít:	plavidlo, které se účastní záchranných prací.		plavidlo, jehož domovským přístavem je Polská republika.		malé plavidlo s vlastním pohonem, jehož délka přesahuje 7 m.	
217	M	PP3 2015	47.jpg	Toto signalizační světlo nese:	plavidlo vykonávající práci na vodní cestě za plavby.		plavidlo lodivodské služby.		vysokorychlostní plavidlo.	
218	M	PP3 2015	48.jpg	Tato signalizační světla nese:	plavidlo, které má omezenou možnost manévrování.		osobní hotelová loď, jejíž celková délka přesahuje 110 m.		plavidlo přepravující nebezpečné věci.	
219	M	PP3 2015	48A.jpg	Tuto denní signalizaci nese:	plavidlo, které má omezenou možnost manévrování.		tlačná sestava stojící bez přímého nebo nepřímého přístupu na břeh.		plavidlo, které vleče rybářské sítě nebo jiné rybolovné zařízení.	
220	M	PP3 2015	491.jpg	Tato signalizační světla nese:	plavidlo, které vleče rybářské sítě nebo jiné rybolovné zařízení.		volně plující převozní loď s předností v plavbě.		plavidlo, které vyžaduje za plavby ochranu před vlnobitím.	
221	M	PP3 2015	491A.jpg	Tyto kužele nese:	plavidlo, které vleče rybářské sítě nebo jiné rybolovné zařízení.		plavidlo, které má omezenou možnost manévrování.		plavidlo, které stojí bez přímého nebo nepřímého přístupu na břeh.	
222	M	PP3 2015	492.jpg	Tato signalizační světla nese:	plavidlo při rybolovu, zasahuje-li rybolovné zařízení do vzdálenosti větší než 150 m od boku plavidla.		plavidlo, které má omezenou možnost manévrování, proplutí je možné po boku, na kterém nese bílé světlo.		stojící plavidlo, jehož kotva může na straně, kde nese bílé světlo, vytvářet nebezpečí pro plavbu.	
223	M	PP3 2015	492A.jpg	Tyto kužele nese:	plavidlo při rybolovu, zasahuje-li rybolovné zařízení do vzdálenosti větší než 150 m od boku plavidla.		plavidlo přepravující nebezpečné věci, vyžadující si signalizaci největším počtem černých kuželů.		plovoucí stroj nebo plavidlo vykonávající práci na vodní cestě nebo provádějící sondážní či měřicí operace.	
224	M	PP3 2015	410.jpg	Tuto vlajku nese:	plavidlo zajišťující činnost pod vodní hladinou.		plavidlo, které vyžaduje potkávání pravými boky.		malé plavidlo s vlastním pohonem, jehož délka přesahuje 7 m.	
225	M	PP3 2015	410A.jpg	Tuto vlajku nese:	plavidlo zajišťující činnost pod vodní hladinou.		plavidlo Státní plavební správy.		plavidlo, kterému bylo Státní plavební správou přiznáno oprávnění přednostního proplutí.	
226	M	PP3 2015	412.jpg	Tato signalizační světla nese:	plavidlo lodivodské služby.		plavidlo, které ztratilo manévrovací schopnost.		plavidlo, které vyžaduje ochranu před nadměrným vlnobitím.	
227	M	PP4 2015		Zvukový signál "1 dlouhý zvuk" znamená:	pozor.		pluji doprava.		hodlám zastavit plavbu.	
228	M	PP4 2015		Zvukový signál "1 krátký zvuk" znamená:	pluji doprava.		pozor.		ukončil jsem plavbu.	
229	M	PP4 2015		Zvukový signál "2 krátké zvuky" znamená:	pluji doleva.		stroj má zpětný chod.		pluji se dvěma plavidly v sestavě.	
230	M	PP4 2015		Zvukový signál "3 krátké zvuky" znamená:	stroj má zpětný chod.		pozor.		pluji plnou silou vpřed.	
231	M	PP4 2015		Zvukový signál "4 krátké zvuky" znamená:	nejsem schopen manévrování.		stroj má zpětný chod.		předjetí není možné.	
232	M	PP4 2015		Zvukový signál "řada velmi krátkých zvuků" znamená:	hrozí nebezpečí kolize.		pozor.		signál nouze.	
233	M	PP4 2015		Zvukový signál "řada dlouhých zvuků" znamená:	signál nouze.		hrozí nebezpečí kolize.		pozor.	
234	M	PP4 2015		Zvukový signál "řady úderů na zvon" znamená:	signál nouze.		pozor.		posádka na palubu.	
235	M	PP4 2015		Zvukový signál "5 krátkých zvuků" znamená:	předjíždění není možné.		stroj má zpětný chod.		nejsem schopen manévrování.	
236	M	PP4 2015		Zvukový signál "1 dlouhý zvuk, za kterým následuje 1 krátký zvuk," znamená:	mám v úmyslu provést obrat doprava.		pluji doprava.		stojím při pravém břehu.	
237	M	PP4 2015		Zvukový signál "1 dlouhý zvuk, po kterém následují 2 krátké zvuky," znamená:	mám v úmyslu provést obrat doleva.		pluji doleva.		stojím při levém břehu.	
238	M	PP4 2015		Zvukový signál "3 dlouhé zvuky, po kterých následuje 1 krátký zvuk," znamená:	mám v úmyslu vyplout z přístavu doprava.		mám v úmyslu provést obrat doprava.		mám v úmyslu ukončit plavbu při pravém břehu.	
239	M	PP4 2015		Zvukový signál "3 dlouhé zvuky, po kterých následují 2 krátké zvuky," znamená:	mám v úmyslu vplout do přístavu doleva.		mám v úmyslu provést obrat doleva.		mám v úmyslu ukončit plavbu při levém břehu.	
240	M	PP4 2015		Zvukový signál "3 dlouhé zvuky" znamená:	mám v úmyslu přeplout vodní cestu.		stroj má zpětný chod.		signál nouze.	
241	M	PP4 2015		Zvukový signál "1 dlouhý zvuk, opakovaný v intervalech ne delších než 1 minuta," dává:	samostatně plující plavidlo za snížené viditelnosti.		malé plavidlo plující za snížené viditelnosti po proudu pomocí radiolokátoru.		plavidlo stojící za snížené viditelnosti na pravé straně plavební dráhy.	
242	M	PP4 2015		Zvukový signál "2 dlouhé zvuky, opakující se v intervalech ne delších než 1 minuta," dává:	sestava plavidel plující za snížené viditelnosti.		plavidlo stojící za snížené viditelnosti na pravé straně plavební dráhy.		plavidlo stojící za snížené viditelnosti na levé straně plavební dráhy.	
243	M	PP4 2015		Zvukový signál "1 řada úderů na zvon, opakovaná v intervalech ne delších než 1 minuta," znamená:	stojím za snížené viditelnosti na levé straně plavební dráhy.		stojím za snížené viditelnosti na pravé straně plavební dráhy.		stojím za snížené viditelnosti v neurčité poloze.	
244	M	PP4 2015		Zvukový signál "2 řady úderů na zvon, opakované v intervalech ne delších než 1 minuta," znamená:	stojím za snížené viditelnosti na pravé straně plavební dráhy.		stojím za snížené viditelnosti na levé straně plavební dráhy.		stojím za snížené viditelnosti v neurčité poloze.	
245	M	PP4 2015		Zvukový signál 3 řady úderů na zvon, opakované v intervalech ne delších než 1 minuta," znamená:	stojím za snížené viditelnosti v neurčité poloze.		stojím za snížené viditelnosti na pravé straně plavební dráhy.		stojím za snížené viditelnosti na levé straně plavební dráhy.	
246	M	PP4 2015	A1a.jpg	Tento signální znak (tabule) znamená:	zákaz proplutí.		příkaz zachovat zvláštní pozornost.		omezení v plavbě, s nímž je nutno se seznámit "INFORMUJTE SE".	
247	M	PP4 2015	A1c.jpg	Tento signální znak (světlo) znamená:	zákaz proplutí.		příkaz dát zvukový signál "1 krátký zvuk".		doporučené proplavování v jenom směru.	
248	M	PP4 2015	A1f.jpg	Tento signální znak (vlajka) znamená:	zákaz proplutí.		poškozené vyvazovací zařízení.		zákaz přibližovat se ke stavbě na vodní cestě, na které je vlajka umístěna.	
249	M	PP4 2015	A1g.jpg	Tento signální znak (dvě tabule nad sebou) znamená:	zákaz proplutí na delší dobu.		rozdělení plavební dráhy.		souběžné vodní cesty.	
250	M	PP4 2015	A1b.jpg	Tento signální znak (dvě světla nad sebou) znamená:	zákaz proplutí na delší dobu.		připravte se k proplutí.		zákaz vytvářet vlnobití nebo sání.	
251	M	PP4 2015	A1e.jpg	Tento signální znak (dvě vlajky nad sebou) znamená:	zákaz proplutí na delší dobu.		čerpací stanice pohonných hmot.		střídavé stání - stání je zakázáno v sudých hodinách.	
252	M	PP4 2015	A11.jpg	Tento signální znak (tabule) znamená:	zákaz vplutí do prostoru vyhrazeného pro potápěče.		konec zákazu nebo příkazu platného pro plavbu v jednom směru.		příkaz zachovávat zvláštní pozornost v průjezdném poli mostu.	
253	M	PP4 2015	A1_1.jpg	Tento signální znak (žlutá bóje, která nese vrcholový znak) znamená:	označení místa sestupu potápěčů, zákaz plavby ve vzdálenosti menší než 25 m od bóje.		označení místa potopeného plavidla (vrak), proplutí je nožné po pravé straně bóje.		označení místa na vodní hladině, kde končí vedlejší vodní cesta a začíná hlavní vodní cesta.	
254	M	PP4 2015	A2.jpg	Tento signální znak (tabule) znamená:	zákaz předjíždění.		konec zákazu předjíždění.		rozdělení plavební dráhy.	
255	M	PP4 2015	A3.jpg	Tento signální znak (tabule) znamená:	zákaz vzájemného předjíždění sestav.		konec zákazu předjíždění sestav.		možnost předjíždět po pravém boku předjížděného plavidla.	
256	M	PP4 2015	A4.jpg	Tento signální znak (tabule) znamená:	zákaz potkávání a předjíždění.		zákaz potkávání levými boky.		konec zákazu potkávání.	
257	M	PP4 2015	A5.jpg	Tento signální znak (tabule) znamená:	zákaz stání na kotvě nebo vyvazování u břehu.		zákaz zastavení plavidel a plovoucích těles.		konec zákazu stání nebo zastavení.	
258	M	PP4 2015	A51.jpg	Tento signální znak (tabule) znamená:	zákaz stání plavidel v šířce vyznačené na signálním znaku v metrech, počítáno od znaku.		příkaz nepřekračovat stanovenou rychlost na signálním znaku, v km/h.		šířka plavebního profilu nebo plavební dráhy je omezena, číslo na signálním znaku stanoví šířku plavebního profilu nebo plavební dráhy v metrech.	
259	M	PP4 2015	A6.jpg	Tento signální znak (tabule) znamená:	zákaz kotvení, vlečení kotev, lan a řetězů.		povolené kotvení přídí po proudu.		konec zákazu kotvení.	
260	M	PP4 2015	A7.jpg	Tento signální znak (tabule) znamená:	zákaz vyvazování ke břehu.		zákaz stání na kotvě nebo vyvazování ke břehu.		konec zákazu stání plavidel u břehu, na kterém je signální znak umístěn.	
261	M	PP4 2015	A8.jpg	Tento signální znak (tabule) znamená:	zákaz provádět obrat.		zákaz potkávání malých plavidel s ostatními druhy plavidel.		zákaz proplutí, ve vyznačeném směru pracují potápěči.	
262	M	PP4 2015	A9.jpg	Tento signální znak (tabule) znamená:	zákaz vytvářet vlnobití nebo sání.		zákaz stání pod mostem nebo potrubím.		pozor, podjezdná výška mostu je omezena.	
263	M	PP4 2015	A9b.jpg	Tento signální znak (světla) znamená:	zákaz vytvářet vlnobití nebo sání.		průjezd zakázán.		příkaz zůstat stát před tímto signálním znakem.	
264	M	PP4 2015	A10.jpg	Tento signální znak (tabule) znamená:	zákaz plavby mimo vyznačený prostor v mostním nebo jezovém poli.		úžina nebo jiné obtížné místo pro plavbu.		zákaz stání ve vyznačené šířce plavební dráhy.	
265	M	PP4 2015	A11A.jpg	Tento signální znak (dvojice světel) znamená:	proplutí je zakázáno, ale je třeba připravit se k plavbě.		příkaz plout od červeného světla k zelenému světlu.		přednost v plavbě před plavidlem plujícím v protisměru.	
266	M	PP4 2015	A12.jpg	Tento signální znak (tabule) znamená:	zákaz plavby plavidel s vlastním pohonem.		zákaz plavby všech sportovních a rekreačních plavidel.		konec zákazu plavby malých plavidel s vlastním pohonem.	
267	M	PP4 2015	A13.jpg	Tento signální znak (tabule) znamená:	zákaz plavby malých plavidel.		konec zákazu plavby malých plavidel, koupání a sportovního potápění.		zákaz koupání a sportovního potápění.	
268	M	PP4 2015	A14.jpg	Tento signální znak (tabule) znamená:	zákaz vodního lyžování.		konec zákazu vodního lyžování.		vodní lyžování je možné jen na vlastní nebezpečí.	
269	M	PP4 2015	A15.jpg	Tento signální znak (tabule) znamená:	zákaz plavby plachetnic.		zákaz plavby plavidel bez vlastního strojního pohonu.		zákaz plavby sportovních a rekreačních plavidel.	
270	M	PP4 2015	A16.jpg	Tento signální znak (tabule) znamená:	zákaz plavby plavidel bez vlastního strojního pohonu a která nejsou plachetnicemi.		zákaz plavby plavidel bez vlastního pohonu a plachetnic.		zákaz plavby všech malých plavidel.	
271	M	PP4 2015	A17.jpg	Tento signální znak (tabule) znamená:	zákaz plavby plováků s plachtou (windsurfů).		zákaz plavby všech druhů plachetnic.		zákaz plavby plováků s plachtou a vodního lyžování.	
272	M	PP4 2015	A18.jpg	Tento signální znak (tabule) znamená:	konec úseku, ve kterém je povolena plavba malých plavidel vysokou rychlostí.		zákaz plavby malých plavidel s vlastním pohonem.		zákaz plavby vodních skútrů.	
273	M	PP4 2015	A19.jpg	Tento signální znak (tabule) znamená:	zákaz spouštění plavidel na vodu nebo vytahování plavidel z vody.		zákaz provozu vznášedel a plavby plavidel, plujících vysokou rychlostí.		lodní výtah není v provozu.	
274	M	PP4 2015	A20.jpg	Tento signální znak (tabule) znamená:	zákaz plavby vodních skútrů.		omezení plavby plavidel s vlastním pohonem.		vyhrazené místo pro vodní sporty.	
275	M	PP4 2015	B1.jpg	Tento signální znak (tabule) znamená:	příkaz plout ve směru šipky.		jednosměrná plavba.		příkaz přidržovat se strany plavební dráhy, která je po pravém boku.	
276	M	PP4 2015	B2A.jpg	Tento signální znak (tabule) znamená:	příkaz plout ke straně plavební dráhy, která je po levém boku.		příkaz plout k levému břehu.		možnost předjíždět po levém boku předjížděného plavidla.	
277	M	PP4 2015	B2B.jpg	Tento signální znak (tabule) znamená:	příkaz plout ke straně plavební dráhy, která je po pravém boku.		příkaz plout k pravému břehu.		možnost předjíždět po pravém boku předjížděného plavidla.	
278	M	PP4 2015	B3A.jpg	Tento signální znak (tabule) znamená:	příkaz přidržovat se strany plavební dráhy, která je po levém boku.		zákaz plout při pravém břehu.		přednost v plavbě před plavidlem v protisměru.	
279	M	PP4 2015	B3B.jpg	Tento signální znak (tabule) znamená:	příkaz přidržovat se strany plavební dráhy, která je po pravém boku.		dej přednost v plavbě plavidlu v protisměru.		obousměrný provoz plavidel.	
280	M	PP4 2015	B4A.jpg	Tento signální znak (tabule) znamená:	příkaz přeplout na stranu plavební dráhy, která je po levém boku.		obratiště plavidel.		zákaz potkávání plavidel.	
281	M	PP4 2015	B4B.jpg	Tento signální znak (tabule) znamená:	příkaz přeplout na stranu plavební dráhy, která je po pravém boku.		místo doporučené pro obrat plavidel.		zákaz potkávání plavidel.	
282	M	PP4 2015	B5.jpg	Tento signální znak (tabule) znamená:	příkaz zůstat stát v případech stanovených pravidly plavebního provozu.		příkaz zachovávat zvláštní pozornost.		příkaz dát zvukový signál "jeden dlouhý zvuk".	
283	M	PP4 2015	B6.jpg	Tento signální znak (tabule) znamená:	příkaz nepřekračovat stanovenou rychlost uvedenou na signálním znaku, v km/h.		stání plavidel je povoleno v šířce uvedené na signálním znaku, v metrech.		šířka plavební dráhy je omezena na hodnotu uvedenou ve znaku, v metrech.	
284	M	PP4 2015	B7.jpg	Tento signální znak (tabule) znamená:	příkaz dát zvukový signál.		příkaz zůstat stát v případech stanovených pravidly plavebního provozu.		příkaz zachovávat zvláštní pozornost.	
285	M	PP4 2015	B8.jpg	Tento signální znak (tabule) znamená:	příkaz zachovávat zvláštní pozornost.		příkaz zůstat stát v případech stanovených pravidly plavebního provozu.		plavidlo pluje po hlavní vodní cestě.	
286	M	PP4 2015	B9A.jpg	Tento signální znak (tabule) znamená:	povinnost přesvědčit se před vplutím na hlavní vodní cestu, zda tento manévr nepřinutí plavidla na hlavní vodní cestě změnit směr nebo rychlost plavby.		plavidlo pluje po hlavní vodní cestě, nesmí však přinutit plavidla připlouvající z vedlejší vodní cesty změnit směr nebo rychlost plavby.		plavidlo pluje po vedlejší vodní cestě, má přednost před plavidly plujícími po hlavní vodní cestě.	
287	M	PP4 2015	B9B.jpg	Tento signální znak (tabule) znamená:	povinnost přesvědčit se před vplutím na hlavní vodní cestu nebo před jejím křížením, zda tento manévr nepřinutí plavidla na hlavní vodní cestě změnit směr nebo rychlost plavby.		plavidlo pluje po hlavní vodní cestě, nesmí však přinutit plavidla připlouvající z vedlejší vodní cesty změnit směr nebo rychlost plavby.		plavidlo pluje po vedlejší vodní cestě, má přednost před plavidly připlouvajícími po hlavní vodní cestě z levé strany.	
288	M	PP4 2015	B10.jpg	Tento signální znak (světla) znamená:	plavidla plující po hlavní vodní cestě musí přizpůsobit svůj směr nebo rychlost plavby tak, aby umožnila výjezd plavidlům opouštějícím přístav nebo přítok.		doporučené proplouvání jenom v jednom směru, proplouvání v protisměru je zakázáno.		povolení proplutí - obecný signální znak.	
289	M	PP4 2015	B11A.jpg	Tento signální znak (tabule) znamená:	příkaz uvést do provozu rádiovou stanici.		zákaz plavby plováků s plachtou (windsurfů).		místo vyhrazené pro stání vysokorychlostních plavidel.	
290	M	PP4 2015	B11B.jpg	Tento signální znak (tabule) znamená:	příkaz uvést do provozu rádiovou stanici na vyznačeném kmitočtovém kanálu.		nejvyšší počet malých plavidel v místě povoleného stání.		hloubka v plavební dráze je omezena, pokud je uvedeno číslo, stanoví hloubku v decimetrech.	
291	M	PP4 2015	C1b.jpg	Tento signální znak (tabule) znamená:	hloubka je omezena, číslo na signálním znaku stanoví hloubku v metrech.		překážky na dně vodní cesty se vyskytují od říčního kilometru, uvedeném na signálním znaku.		levobřežní plavební značení začíná ve vzdálenosti uvedené na signálním znaku v kilometrech.	
292	M	PP4 2015	C2b.jpg	Tento signální znak (tabule) znamená:	podjezdná výška je omezena, číslo na signálním znaku stanoví podjezdnou výšku od vodní hladiny v metrech.		ponor plavidel je omezen, číslo na signálním znaku stanoví ponor v decimetrech.		příkaz uvést do provozu rádiovou stanici na kmitočtovém kanálu uvedeném na signálním znaku.	
293	M	PP4 2015	C3a.jpg	Tento signální znak (tabule) znamená:	šířka plavebního profilu nebo šířka plavební dráhy je omezena.		označení pole mostu, kterým se proplouvá přednostně.		stání plavidel je povoleno při obou stranách vodní cesty.	
294	M	PP4 2015	C4.jpg	Tento signální znak (tabule) znamená:	omezení v plavbě, s nimiž je nutno se seznámit "INFORMUJTE SE".		konec zákazu nebo příkazu platného pro plavbu v jednom směru nebo konec omezení.		povolení proplutí (obecný znak).	
295	M	PP4 2015	C5.jpg	Tento signální znak (tabule) znamená:	plavební dráha je vzdálena od pravého (levého) břehu 10 m.		stání povoleno do vzdálenosti 10 m od pravého (levého břehu).		šířka plavebního profilu nebo plavební dráhy je zúžena o 10 m.	
296	M	PP4 2015	D1B.jpg	Tento signální znak světlo znamená:	doporučené proplouvání v obou směrech.		doporučené proplouvání jenom v jednom směru, proplouvání v protisměru je zakázáno.		plavební dráha přechází od pravého břehu k levému břehu.	
297	M	PP4 2015	D1c.jpg	Tyto signální znaky tabule znamenají:	doporučené proplouvání jenom v jednom směru, proplouvání v protisměru je zakázáno.		doporučené proplouvání v obou směrech.		plavení dráha přechází od levého břehu k pravému břehu.	
298	M	PP4 2015	D2A.jpg	Tyto signální znaky tabule znamenají:	doporučení držet se v určeném prostoru, v mostních nebo v jezových polích.		zákaz plavby mimo vyznačený prostor v mostních nebo v jezových polích.		doporučené proplouvání jenom v jednom směru, proplouvání v protisměru je zakázáno.	
299	M	PP4 2015	D3b.jpg	Tento signální znak (světla) znamená:	doporučuje se plout ve směru od stálého světla k blikavému světlu.		doporučuje se plout od blikavého světla ke stálému světlu.		svítí-li stálé světlo - plavba je možná, svítí-li blikavé světlo - zastavit.	
300	M	PP4 2015	E1A.jpg	Tento signální znak (tabule) znamená:	povolení proplutí.		plavební dráha není vyznačena plovoucími znaky.		plavební dráha vede středem vodní cesty.	
301	M	PP4 2015	E2.jpg	Tento signální znak (tabule) znamená:	elektrické vedení přes vodní cestu.		břehová přípojka elektrického napětí.		zóna častých atmosférických poruch - možné výpadky rádiového spojení.	
302	M	PP4 2015	E3.jpg	Tento signální znak (tabule) znamená:	jez		objekt plavební komory.		rybí sádky.	
303	M	PP4 2015	E4A.jpg	Tento signální znak (tabule) znamená:	převozní lodě, které neplují volně.		přístavní můstky pro osobní lodě.		doporučené místo ke spouštění plavidel na vodu.	
304	M	PP4 2015	E4B.jpg	Tento signální znak (tabule) znamená:	převozní lodě plující volně.		přístaviště osobních lodí.		povolené stání plavidel.	
305	M	PP4 2015	E5.jpg	Tento signální znak (tabule) znamená:	povolené stání na kotvě nebo vyvázání u břehu.		čerpací stanice pohonných hmot.		plavební komora.	
306	M	PP4 2015	E51.jpg	Tento signální znak (tabule) znamená:	stání povoleno v šířce 40 m.		nejvyšší povolená rychlost 40 km/h.		plavební dráha je široká 40 m.	
307	M	PP4 2015	E52.jpg	Tento signální znak (tabule) znamená:	stání povoleno v šířce pásma od 20 do 40 m od znaku.		omezení rychlosti na 20 - 40 km/h.		plavební dráha je vzdálena 20 m od levého břehu a 40 m od pravého břehu.	
308	M	PP4 2015	E53.jpg	Tento signální znak (tabule) znamená:	maximální počet plavidel, která smějí stát těsně vedle sebe.		maximální počet plavidel, která smějí stát těsně za sebou.		maximální počet plavidel v místě povoleného stání.	
309	M	PP4 2015	E54.jpg	Tento signální znak (tabule) znamená:	místo vyhrazené pro stání plavidel určených k plavbě tlačením.		místo vyhrazené pro stání malých plavidel.		místo vyhrazené pro stání plavidel určených pro přepravu nebezpečných věcí.	
310	M	PP4 2015	E55.jpg	Tento signální znak (tabule) znamená:	místo vyhrazené pro stání plavidel určených k plavbě tlačením, která přepravují nebezpečné věci.		místo vyhrazené pro stání dvou malých plavidel, která nejsou plachetnicemi.		místo vyhrazené pro stání plavidel při levém břehu.	
311	M	PP4 2015	E56.jpg	Tento signální znak (tabule) znamená:	místo vyhrazené pro stání plavidel určených k plavbě tlačením, která přepravují nebezpečné věci.		místo vyhrazené pro stání plavidel v jedné řadě, za sebou.		místo vyhrazené pro stání malých dvoumotorových plavidel s vrtulovým pohonem.	
312	M	PP4 2015	E511.jpg	Tento signální znak (tabule) znamená:	místo vyhrazené pro stání plavidel, mimo plavidel určených k plavbě tlačením, která přepravují nebezpečné věci.		místo vyhrazené pro plavidla bez vlastního pohonu.		místo vyhrazené pro tři malá plavidla s vlastním pohonem.	
313	M	PP4 2015	E512.jpg	Tento signální znak (tabule) znamená:	místo vyhrazené pro stání všech plavidel, která nepřepravují nebezpečné věci.		místo vyhrazené pro stání jen malých plavidel.		místo vyhrazené pro stání plavidel bez vlastního pohonu a malých plavidel.	
314	M	PP4 2015	E513.jpg	Tento signální znak (tabule) znamená:	místo vyhrazené pro stání plavidel, která přepravují nebezpečné věci.		místo vyhrazené pro stání všech plavidel.		místo vyhrazené pro stání všech plavidel s vlastním pohonem, na kterých je posádka.	
315	M	PP4 2015	E6.jpg	Tento signální znak (tabule) znamená:	povolené kotvení, vlečení kotev, lan nebo řetězů.		zákaz kotvení, vlečení kotev, lan nebo řetězů.		příkaz zakotvit, po snížení rychlosti plavby vlečením lan nebo řetězů.	
316	M	PP4 2015	E7.jpg	Tento signální znak (tabule) znamená:	povolené vyvazování u břehu.		místo vyhrazené pro stání plavidel, která nejsou malými.		doporučené vyvazování nebo kotvení plavidel.	
317	M	PP4 2015	E71.jpg	Tento signální znak (tabule) znamená:	místo vyhrazené pro stání plavidel za účelem naložení nebo vyložení vozidla.		přístaviště poblíž silniční komunikace.		povolená plavba obojživelných vozidel a vznášedel.	
318	M	PP4 2015	E8.jpg	Tento signální znak (tabule) znamená:	místo doporučené pro obrat.		křížení vodní cesty vzdušným kabelem.		místo určené pro nástup a výstup - přístaviště.	
319	M	PP4 2015	E9A.jpg	Tento signální znak (tabule) znamená:	plavidlo pluje po hlavní vodní cestě, kterou kříží vedlejší vodní cesta.		plavidlo pluje po hlavní vodní cestě, nesmí však přinutit plavidla připlouvající z vedlejší vodní cesty změnit směr nebo rychlost plavby.		plavidlo pluje po hlavní vodní cestě, musí však dát přednost plavidlu, připlouvajícímu z vedlejší vodní cesty zprava.	
320	M	PP4 2015	E9B.jpg	Tento signální znak (tabule) znamená:	plavidlo pluje po hlavní vodní cestě, do které ústí vedlejší vodní cesta.		plavidlo pluje po hlavní vodní cestě, nesmí však přinutit plavidla připlouvající z vedlejší vodní cesty změnit směr nebo rychlost plavby.		plavidlo pluje po hlavní vodní cestě, ale nemá přednost před plavidly připlouvajícími z vedlejší vodní cesty.	
321	M	PP4 2015	E10A.jpg	Tento signální znak (tabule) znamená:	plavidlo pluje po vedlejší vodní cestě, která kříží hlavní vodní cestu.		plavidlo pluje po hlavní vodní cestě, kterou kříží vedlejší vodní cesta.		plavidlo pluje po vedlejší vodní cestě, kterou kříží vodní cesta stejného řádu.	
322	M	PP4 2015	E10B.jpg	Tento signální znak (tabule) znamená:	plavidlo pluje po vedlejší vodní cestě na hlavní vodní cestu.		plavidlo pluje po hlavní vodní cestě, na vedlejší vodní cestu.		plavidlo pluje po vedlejší vodní cestě, na vodní cestu stejného řádu.	
323	M	PP4 2015	E11.jpg	Tento signální znak (tabule) znamená:	konec zákazu nebo příkazu platného pro plavbu v jednom směru nebo konec omezení.		rozdělení plavební dráhy.		doplňková signalizace plavidla, zajišťujícího činnost pod vodní hladinou.	
324	M	PP4 2015	E12b.jpg	Výstražní znaky, kdy jedno nebo dvě bílá světla vedle sebe svítí nepřerušovaně, mají tento význam:	zůstat stát, překážky ve směru plavby.		můžete pokračovat v plavbě.		pokračujte v plavbě s nejvyšší opatrností, překážky se odstraňují.	
325	M	PP4 2015	E12d.jpg	Výstražní znaky, kdy jedno nebo dvě světla vedle sebe blikají, mají tento význam:	můžete pokračovat v plavbě.		zůstat stát, překážky ve směru plavby.		zůstat stát, podle počtu světel jednu, nejvýše dvě hodiny.	
326	M	PP4 2015	E13.jpg	Tento signální znak (tabule) znamená:	místo odběru pitné vody.		místo odevzdávání ropných odpadů z plavidel.		místo pro připojení normalizované příruby hasičské hadice (hydrant).	
327	M	PP4 2015	E14.jpg	Tento signální znak (tabule) znamená:	telefon.		celnice.		zábradlí.	
328	M	PP4 2015	E15.jpg	Tento signální znak (tabule) znamená:	plavba plavidel s vlastním pohonem povolena.		místo vyhrazené pro stání malých plavidel s vlastním pohonem.		místo určené pro opravy plavidel např. loděnice nebo dok.	
329	M	PP4 2015	E16.jpg	Tento signální znak (tabule) znamená:	plavba malých plavidel povolena.		místo vyhrazené pro stání sportovních a rekreačních plavidel.		místo vyhrazené pro vodní sporty, při nichž se nepoužívá plavidel.	
330	M	PP4 2015	E17.jpg	Tento signální znak (tabule) znamená:	vodní lyžování povoleno.		vodní lyžování je omezeno.		zákaz vodního lyžování.	
331	M	PP4 2015	E18.jpg	Tento signální znak (tabule) znamená:	plavba plachetnic povolena.		plavba plavidel bez vlastního pohonu povolena.		plavba malých plavidel povolena.	
332	M	PP4 2015	E19.jpg	Tento signální znak (tabule) znamená:	plavba plavidel, která nejsou plachetnicemi ani nemají vlastní pohon, povolena.		plavba sportovních a rekreačních plavidel povolena.		místo vyhrazené k rybolovu pomocí malých plavidel.	
333	M	PP4 2015	E20.jpg	Tento signální znak (tabule) znamená:	plavba na plovácích s plachtou (windsurfech) povolena.		doporučené místo ke spouštění plavidel na vodu.		plavba sportovních a rekreačních plavidel povolena.	
334	M	PP4 2015	E21.jpg	Tento signální znak (tabule) znamená:	plavba malých plavidel, plujících vysokou rychlostí, povolena.		zákaz vytvářet sání nebo vlnobití malými plavidly.		povolení plavby sportovními nebo rekreačními plavidly.	
335	M	PP4 2015	E22.jpg	Tento signální znak (tabule) znamená:	doporučené místo ke spouštění plavidel na vodu a vytahování plavidel z vody.		zóna provozu vznášedel a plavby plavidel, plujících vysokou rychlostí.		lodní výtah.	
336	M	PP4 2015	E23.jpg	Tento signální znak (tabule) znamená:	možnost získání informací radiotelefonním spojením na vyznačeném kmitočtovém kanálu.		příkaz uvést do provozu rádiovou stanici na vyznačeném kmitočtovém kanálu.		povolení plavby plováků s plachtou (windsurfů) nejvýše v počtu, uvedeném na znaku.	
337	M	PP4 2015	E24.jpg	Tento signální znak (tabule) znamená:	plavba vodních skútrů povolena.		zákaz plavby vysokou rychlostí.		vymezený prostor pro vodní sporty.	
338	M	PP4 2015	II1A.jpg	Tento plovoucí signální znak (bóje) znamená:	pravá strana plavební dráhy.		levá strana plavební dráhy.		rozdělení plavební dráhy.	
339	M	PP4 2015	II2b.jpg	Tento plovoucí signální znak (bóje) znamená:	levá strana plavební dráhy.		pravá strana plavební dráhy.		rozdělení plavební dráhy.	
340	M	PP4 2015	II3A.jpg	Tento plovoucí signální znak (bóje) znamená:	rozdělení plavební dráhy.		pravá strana plavební dráhy.		levá strana plavební dráhy.	
341	M	PP4 2015	II4B.jpg	Bílé písmeno "P" na bóji pro označení strany plavební dráhy znamená:	plavební dráha vede podél míst stání.		povinnost obeplout tuto bóji vpravo.		příkaz zůstat stát před touto bójí.	
342	M	PP4 2015	4b.jpg	Tento signální znak (tabule) znamená:	plavební dráha při pravém břehu.		plavební dráha při levém břehu.		plavební dráha vede středem vodní cesty.	
343	M	PP4 2015	5b.jpg	Tento signální znak (tabule) znamená:	plavební dráha při levém břehu.		plavební dráha při pravém břehu.		plavební dráha vede středem vodní cesty.	
344	M	PP4 2015	4d.jpg	Tento signální znak (tabule) znamená:	pravobřežní přechodový signální znak.		plavební dráha vede středem vodní cesty.		místo častých plavebních nehod (havarijní kilometr).	
345	M	PP4 2015	5d.jpg	Tento signální znak (tabule) znamená:	levobřežní přechodový signální znak.		plavební dráha vede středem vodní cesty.		konec zákazu nebo příkazu platného pro plavbu v jednom směru nebo konec omezení.	
346	M	PP4 2015	4f.jpg	Tento signální znak (kužel) znamená:	nebezpečné místo nebo překážka při pravém břehu.		nebezpečné místo nebo překážka při levém břehu.		nebezpečné místo nebo překážka rozděluje plavební dráhu.	
347	M	PP4 2015	5f.jpg	Tento signální znak (kužel) znamená:	nebezpečné místo nebo překážka při levém břehu.		nebezpečné místo nebo překážka při pravém břehu.		nebezpečné místo nebo překážka rozděluje plavební dráhu.	
348	M	PP4 2015	1f1.jpg	Tento signální znak (plovatka) znamená:	označení překážky při pravém břehu.		označení nebezpečného místa při levém břehu.		plovoucí vodočet.	
349	M	PP4 2015	2f.jpg	Tento signální znak (tyč na bóji) znamená:	označení překážky při levém břehu.		rozdělení plavební dráhy.		plovoucí vodočetná lať před vjezdem do přístavu.	
350	M	PP4 2015	8d.jpg	Tento signální znak (tyč na plováku) znamená:	označení na překážce, kterou lze bezpečně obeplout.		označení bezpečných vod.		označení nebezpečného místa, které nelze bezpečně obeplout.	
351	M	PP4 2015	8e1.jpg	Tento signální znak (tyč na plováku) znamená:	vyznačení bezpečných vod.		označení zvlášť nebezpečného místa.		rozdělení plavební dráhy.	
352	M	TZ 2015		Malé plavidlo podléhající evidenci lze na vodní cestě provozovat, byla-li schválena jeho technická způsobilost a je-li zapsáno:	v rejstříku malých plavidel.		v registru plavidel příslušného městského úřadu.		v evidenci mezinárodního plavebního rejstříku členských států Evropské unie a smluvního státu Dohody o Evropském hospodářském prostorou a Švýcarské konfederace.	
353	M	TZ 2015		Plavidlo nepodléhající evidenci lze na vodní cestě provozovat:	splňuje-li jeho konstrukce a technický stav podmínky bezpečného provozu a neohrožuje-li životní prostředí.		podrobilo-li se prohlídce u státem pověřené organizace oprávněné schvalovat technickou způsobilost plavidel.		vystavil-li mu plavební úřad certifikát o jeho technickém stavu.	
354	M	TZ 2015		Evidenci v plavebním rejstříku malých plavidel podléhá:	malé plavidlo s vlastním strojním pohonem o výkonu větším než 4 kW.		malé plavidlo s vlastním strojním pohonem o výkonu 4 kW a nižším.		každé malé plavidlo.	
355	M	TZ 2015		Evidenci v plavebním rejstříku malých plavidel podléhá:	malé plavidlo o celkové hmotnosti přesahující 1000 kg včetně povoleného zatížení.		malé plavidlo o celkové hmotnosti včetně povoleného zatížení 1000 kg a méně.		každé malé plavidlo.	
356	M	TZ 2015		Evidenci v plavebním rejstříku malých plavidel podléhá:	malé plavidlo s celkovou plochou plachet přesahující 12 m2.		malé plavidlo s celkovou plochou plachet 12 m2 a méně.		každé malé plavidlo.	
357	M	TZ 2015		Dokladem o způsobilosti plavidla k provozu na vodní cestě je:	lodní osvědčení nebo osvědčení plovoucího zařízení.		klasifikační průkaz plavidla.		cejchovní průkaz.	
358	M	TZ 2015		Povinnost nést českou státní vlajku České republiky vzniká plavidlům:	zapsaným v plavebním rejstříku.		pouze klasifikovaným plavidlům.		pokud mají tuto povinnost zapsanou v osvědčení plavidla.	
359	M	TZ 2015		Lodní nástavba je část plavidla:	umístěná nad palubou.		umístěná pod palubou.		která se na základě schválené technické dokumentace dostavuje dodatečně do prostoru pod palubou.	
360	M	TZ 2015		Kýl lodi je:	hlavní podélná osová výztuha ve dnu lodního trupu, na kterou navazuje přední a zadní vaz.		hlavní žebro lodního trupu.		vodotěsná přepážka oddělující přední a zadní kolizní prostor.	
361	M	TZ 2015		Výraz nosník označuje na lodním tělese:	příčnou výztuhu paluby, kokpitu, kajuty apod. (např. palubový nosník, kokpitový nosník atd.).		podélnou výztuhu lodního tělesa (např. outorový nosník apod.).		zařízení pro spouštění ploutve.	
362	M	TZ 2015		Výraz vazník používáme pro označení:	podélné výztuhy lodního trupu (např. outorový vazník, palubní vazník apod.).		zařízení na uvázání lan (lodní vazníky).		lan, používaných pro vyvazování lodí.	
363	M	TZ 2015		Výraz obšívka používáme pro:	označení vnějšího vodotěsného pláště kostry plavidla.		přišité lano na okraji plachty, které se zasunuje do drážky na stěžni nebo ráhnu.		motouz, kterým ovazujeme konce lan proti rozplétání.	
364	M	TZ 2015		Výrazem skořepina označujeme druh provedení:	lodního trupu i jiných částí lodě, vyráběných ve formě laminováním.		příďového a záďového koše (ochranné zábradlí).		příčné výztuhy stěžně.	
365	M	TZ 2015		Výraz lodní trup znamená:	kostru plavidla s obšívkou, případně s palubou.		obytnou část plavidla.		palubu včetně nástaveb.	
366	M	TZ 2015		Výraz žebro označuje:	příčnou tvarovou výztuhu boku a dna lodi.		podélnou výztuhu kokpitu.		příčné nosníky paluby.	
367	M	TZ 2015		Výrazem katamarán označujeme:	dvojtrupové plavidlo.		dvoustěžňovou rybářskou loď.		velkou plachetnici s několika stěžni a ráhnovým oplachtěním.	
368	M	TZ 2015		Outor je:	část obšívky plavidla v přechodu lodního dna do boků.		část lodní nástavby.		druh lodního mechanismu.	
369	M	TZ 2015		Hlavní část kormidelního zařízení tvoří kormidelní ploutev a společně s kormidelním pněm má souhrnný název:	kormidlo.		propulsor.		dýza.	
370	M	TZ 2015		Příďové dokormidlovací zařízení slouží k:	zlepšení manévrovacích vlastností plavidla.		manévrování plavidlem pomocí ruční páky.		ulehčení ovládání ručního ovládacího mechanismu kormidla.	
371	M	TZ 2015		Palec pacholete slouží k:	zajištění ovinutého vyvazovacího lana proti sesmeknutí.		vyztužení pacholete.		označení počtu smyček lan na pacholeti.	
372	M	TZ 2015		Plovatelnost je schopnost plavidla:	plout působením vlastního hydrostatického vztlaku v dané poloze.		plout v jakékoliv poloze bez potopení.		plout předepsaným způsobem a rychlostí.	
373	M	TZ 2015		Stabilita plavidla je schopnost:	vrátit se do původní polohy, z níž bylo vychýleno vnějšími silami, přestanou-li tyto působit.		odolávat silám namáhajícím lodní těleso při nakládce.		zachovávat požadovaný směr plavby.	
374	M	TZ 2015		Schopnost lodi udržovat při plavbě zadaný směr nebo tento směr podle potřeby měnit je:	řiditelnost.		stabilita.		plovatelnost.	
375	M	TZ 2015		Schopnost lodi při plavbě udržovat určitý směr je:	směrová stabilita.		plovatelnost.		manévrovatelnost.	
376	M	TZ 2015		Otvory umístěné pod rovinou nejvyššího ponoru zvětšeného o bezpečnostní vzdálenost:	musí být provedeny takovým způsobem, že nežádoucí proniknutí vody do plavidla je vyloučeno.		musí mít na obšívce uzavírací ventil.		musí být provedeny ve dvojité rouře.	
377	M	TZ 2015		Pod pojmem drenážní soustava se rozumí:	potrubní systém sloužící k vyčerpání vody z dnových prostorů lodě.		potrubní systém zabezpečující dodávku vody při změně ponoru lodi a při vyrovnávání podélného a příčného náklonu lodě.		potrubní systém sloužící k odčerpání kalů usazených na dně palivových nádrží.	
378	M	TZ 2015		Ventilátory slouží na plavidle k:	větrání s nuceným oběhem vzduchu.		odsávání výfukových splodin.		přirozenému větrání podpalubních prostor.	
379	M	TZ 2015		Sanitární soustava plavidla zahrnuje:	soustavy vodovodní a kanalizační.		palubní lékárnu a vodovodní soustavu.		zásobníky vody, samočinnou vodárnu, umývárnu a WC.	
380	M	ZP 2015		Resuscitace (oživování) je:	postup sloužící pro dočasnou náhradu a případné obnovení životních funkcí (oběhu a dýchání).		postup sloužící k omezení následků šoku.		postup sloužící pro dočasné omezení životních funkcí (oběhu a dýchání).	
381	M	ZP 2015		Postižený náhle zkolaboval, nehýbe se, nedýchá, nereaguje na poplácání po tváři a oslovení. První, co je třeba udělat, bude:	přivolání pomoci.		zahájení dýchání z plic do plic.		jeho přemístění do pohodlné polohy vleže.	
382	M	ZP 2015		Nepřímá masáž srdce se provádí stlačováním hrudníku nataženýma rukama propnutýma v loktech:	na hrudní kosti asi uprostřed hrudníku.		mezi 12. a 13. obratlem páteře.		na hrudní kosti při jejím spodním okraji.	
383	M	ZP 2015		Při dýchání z plic do plic by měl objem vydechovaného vzduchu odpovídat asi:	normálnímu nádechu zachránce.		lehkému výdechu zachránce.		polovině normálního nádechu zachránce.	
384	M	ZP 2015		Doporučený poměr kompresí hrudníku a dýchání z plic do plic při resuscitaci dospělých nebo dětí laiky je:	vždy 30:2 (s výjimkou novorozenců).		u dospělých 30:2, u dětí 5:2.		u dětí i dospělých 15:2.	
385	M	ZP 2015		Lapavé dechy - nádechy v nápadně dlouhých intervalech nebo ojedinělé nadechnutí:	jsou typickou známkou náhlé zástavy oběhu, kdy je potřeba ihned začít s resuscitací (nepřímou masáží srdce, dýcháním z plic do plic).		jsou pro dýchání sice nedostatečné, ale znamenají, že krevní oběh je v pořádku.		jsou typickou známkou otravy alkoholem nebo drogami, postiženého je nutné ihned uložit do "stabilizované polohy".	
386	M	ZP 2015		Resuscitaci ukončíme:	pokud začne postižený normálně dýchat.		jakmile se postižený aspoň jednou nadechne.		pokud nemůžeme provádět dýchání z plic do plic.	
387	M	ZP 2015		Aniž došlo k obnovení životních funkcí, ukončíme resuscitaci utonulého:	při úplném vyčerpání zachránců.		po bezvýsledném úsilí trvajícím alespoň 20 minut.		pokud se podařilo spojit se záchrannou službou a případ jí ohlásit.	
388	M	ZP 2015		Pro kvalitu resuscitace má největší význam:	co nejméně přerušovaná nepřímá masáž srdce, prováděná správnou frekvencí a dostatečně hluboko.		správný poměr mezi masáží srdce a vdechy z plic do plic.		účinné vdechy z úst do úst co největším objemem.	
389	M	ZP 2015		Optimální frekvence kompresí při nepřímé masáži srdce je:	100x za minutu (téměř 2x za vteřinu) u všech postižených.		60x za minutu u dospělých, 80x za minutu u dětí.		30x za minutu se dvěma přestávkami délce cca 10 sekund.	
390	M	ZP 2015		Pokud z jakéhokoliv důvodu během resuscitace nemůžeme nebo nechceme provádět dýchání z plic do plic:	pokračujeme v nepřetržité nepřímé masáži srdce.		pokračujeme v nepřímé masáži srdce a vždy po 30 kompresích uděláme cca 10 sekund pauzu.		ukončíme resuscitaci, samotná nepřímá masáž srdce je neúčinná a zbytečná.	
391	M	ZP 2015		Normální klidová dechová frekvence dospělého je:	12 - 15 za minutu.		30 - 40 za minutu.		4 - 6 za minutu.	
392	M	ZP 2015		Pokud není prováděna resuscitace, nastává nezvratné poškození mozku při zástavě cca po:	pěti minutách.		jedné minutě.		patnácti minutách.	
393	M	ZP 2015		Pokud si nejsme jisti, zda postižený v bezvědomí dýchá nebo nedýchá:	postupujeme tak, jako kdyby nedýchal, tj. zahájíme resuscitaci.		přiložíme k ústům zrcátko nebo brýle a sledujeme, zda se mlží. Pokud se nemlží, není třeba provádět resuscitaci.		postupujeme tak, jako kdyby dýchal. Uložíme ho do stabilizované polohy a vyčkáme příjezdu záchranné služby.	
394	M	ZP 2015		Tonoucího, který byl vytažen z vody, je v bezvědomí a chrčivě, ale zřetelně a pravidelně dýchá:	uložíme do polohy na boku, vyčistíme dýchací cesty, pečlivě sledujeme stav dýchání.		uložíme do polohy na břiše, pokud možno hlavou dolů, a opakovaným mačkáním hrudníku vytlačíme co nejvíc vody z plic a dýchacích cest.		uložíme na záda a ihned zahájíme resuscitaci.	
395	M	ZP 2015		Postižený večer upadl, uhodil se do hlavy, druhý den ráno je nápadně ospalý, při pokusu o komunikaci zmatený, zvrací. Odbornou lékařskou pomoc:	je nutné vyhledat (případně zavolat záchrannou službu).		je zbytečné volat, do 24 hodin se stav zpravidla upraví sám.		zásadně nevoláme, tyto příznaky nejsou nijak závažné.	
396	M	ZP 2015		Postižený spadl z výšky, je zmatený, nepamatuje si, co se stalo, posedává. Nejlepší je:	pokud nehrozí nebezpečí dalšího úrazu, nechat jej zaujmout polohu jaká mu vyhovuje a zavolat záchrannou službu.		pokusit se jej "rozchodit" a pokud se stav do 30 minut nezlepší, odvézt postiženého do nemocnice.		uložit jej do protišokové polohy (se sníženou hlavou a zvýšenými dolními končetinami) a zavolat záchrannou službu.	
397	M	ZP 2015		Zaškrcení končetiny:	se používá pouze výjimečně, pokud krvácení nelze zvládnout přiložením tlakového obvazu.		se používá přednostně, pokud jde o krvácení z končetiny.		se již nepoužívá.	
398	M	ZP 2015		Předloktí popálené vroucí vodou je před příjezdem záchranné služby nejlépe ošetřit:	několikaminutovým chlazením čistou vodou.		potřením jakoukoliv mastí, v nouzi i zubní pastou.		udržením postiženého místa v teple.	
399	M	ZP 2015		Prst popálený o horký předmět ošetříme:	několikaminutovým chlazením čistou vodou, není třeba dalšího ošetření. Pokud se později vytvoří puchýř, nepropichujeme jej.		potřením jakoukoliv mastí, v nouzi i zubní pastou, a ihned voláme záchrannou službu.		přiložením obvazu, pokud se později vytvoří puchýř, propíchneme jej, odstřihneme a ošetříme dezinfekcí.	
400	M	ZP 2015		Nejlepší poloha pro postiženého, který je při vědomí, ale hlásí, že se mu špatně dýchá, je:	vsedě nebo polosedě s možností zapřít ruce o židli nebo podložku.		vleže na zádech se zakloněnou hlavou.		stabilizovaná poloha vleže na boku.	
401	M	ZP 2015		Stabilizovanou (někdy také "zotavovací") polohou se rozumí poloha:	na boku s hlavou otočenou k podložce.		na zádech s hlavou v mírném předklonu.		na břiše s hlavou otočenou na stranu.	
402	M	ZP 2015		První pomoc při přehřátí a úpalu provedeme tak, že:	přesuneme postiženého do stínu, podáváme chladné nápoje (nejlépe minerální vodu), studené obklady na hlavu.		přesuneme postiženého do teplé místnosti a podáme větší množství alkoholických nápojů.		přesuneme postiženého do stínu, nedáváme nic jíst ani pít, a přivoláme záchrannou službu.	
403	M	ZP 2015		Při opakovaných průjmech:	podáváme pouze dietní stravu, živočišné uhlí a neslazené tekutiny, pokud se stav neupraví do 24 hodin, vyhledáme lékaře.		vyvoláme zvracení, nedáváme nic jíst ani pít, vyhledáme lékaře.		podáváme na tuky bohatou stravu, doplněnou menšími dávkami alkoholu.	
404	M	ZP 2015		Mezi příznaky rozvinutého šoku při vnitřním krvácení patří:	bledost, opocení, schvácený výraz, pocit strachu o život, apatie.		nápadně silná reakce na bolest, křik nebo agitované jednání, hyperaktivita.		zvýšená teplota a nápadně horké ruce	
405	M	ZP 2015		Pozorujeme-li u postiženého po úrazu příznaky šoku:	ihned přivoláme záchrannou službu.		podáme velké množství tekutin, záchrannou službu přivoláme, pokud se stav do dvou hodin nezlepší.		postiženého se snažíme uklidnit, pokud máme k dispozici, podáme sedativa a léky na snížení teploty.	
406	M	ZP 2015		Žilní krvácení z končetiny ošetřujeme tak, že:	postiženou končetinu zvedneme nad úroveň těla a přiložíme tlakový obvaz.		postiženého uložíme do protišokové polohy a končetinu zaškrtíme.		zraněného uložíme do "stabilizované" polohy a stiskneme tepnu na postižené končetině v tlakovém bodě.	
407	M	ZP 2015		Při krvácení z nosu:	umístíme postiženého do polohy vsedě s lehce předkloněnou hlavou, na zátylek přikládáme studené obklady, palcem a ukazovákem stiskneme nosní křídla a počkáme několik minut. Pokud se krvácení ani po opakovaných pokusech nezastaví nebo se dokonce zvětšuje, dopravíme postiženého k lékaři.		umístíme postiženého do polohy na zádech se zvednutýma nohama, přivoláme záchrannou službu.		umístíme postiženého do polohy vsedě, zakloníme hlavu, podáme větší množství horkých tekutin.	
408	M	ZP 2015		Při žilním krvácení:	volně vytéká temně červená krev		vystřikuje jasně červená krev.		volně vytéká jasně červená krev.	
409	M	ZP 2015		Při tepenném krvácení:	vystřikuje jasně červená krev.		volně vytéká temně červená krev		volně vytéká jasně červená krev.	
410	M	ZP 2015		Národní přímé tísňové číslo záchranné služby v České republice je:	155.		150.		158.	
411	M	ZP 2015		Jednotné evropské tísňové číslo je:	112.		110.		111.	
